Marca,Modelo,Version,Precio,Combustible,Antiguedad,Kms_desde,Kms_hasta,Potencia,Cambio,Vehiculo,Url_foto,categoria,Caracteristicas,Grupo,Puede_comprarse,Plazas,Estado,Centimetros_cubicos
Fiat,500,Hybrid Dolcevita,325.0,HYBRID,2021-01-01,20000.0,40000.0,70,MANUAL,Fiat 500,https://bipi-pro.s3.eu-west-1.amazonaws.com/specificvehicleplans/615dade0843dbc008731ed0f/vehicle-images/624ac423f8445bc9beb8805b_2022_04_04_12_10_43.png,CityCar,,2,True,4,OPPORTUNITY,999.0
Citroen,C3,1.2 Puretech Feel,329.0,GAS,2020-01-01,30000.0,50000.0,83,MANUAL,Citroen C3,https://bipi-pro.s3.eu-west-1.amazonaws.com/specificvehicleplans/62600ba4a699ebe154824b6a/vehicle-images/62600bc7aa6f8df6e77c3ec8_2022_04_20_15_33_59.png,Utilitario,,1,True,5,OPPORTUNITY,1200.0
Toyota,C-HR,1.8 125H,449.0,HYBRID,2019-01-01,20000.0,100000.0,122,AUTOMATIC,Toyota C-HR,https://bipi-pro.s3.eu-west-1.amazonaws.com/specificvehicleplans/5d7637448fd7a40028d44430/vehicle-images/62d54f59b0bd39eb4f07c9a1_2022_07_18_14_17_29.png,C-SUV,,1,True,5,OPPORTUNITY,1798.0
Lexus,UX,2.0 250h,625.0,HYBRID,2022-01-01,0.0,0.0,184,AUTOMATIC,Lexus UX,https://bipi-pro.s3.eu-west-1.amazonaws.com/specificvehicleplans/5f6dc6cdeaa82900b344d16e/vehicle-images/624397ef2ed084401c3aaacd_2022_03_30_01_36_15.png,C-SUV,"120 Cv,5 Plazas,Manual,Diesel,Blanco Gris",1,True,5,NEW,2000.0
Peugeot,3008,1.5L BlueHDi S&S GT,459.0,DIESEL,2018-01-01,50000.0,95000.0,130,MANUAL,Peugeot 3008,https://bipi-pro.s3.eu-west-1.amazonaws.com/specificvehicleplans/6454fbce37bcf146777dbb10/vehicle-images/6454fca937bcf146777deb70_2023_05_05_14_55_05.png,C-SUV,"130 Cv,Acabado GT Line",1,True,5,OPPORTUNITY,1200.0
Volkswagen,Polo,1.0 TSI Advance,345.0,GAS,2019-01-01,1000.0,40000.0,80,MANUAL,Volkswagen Polo,https://bipi-pro.s3.eu-west-1.amazonaws.com/specificvehicleplans/5e382f916d530300ab832903/vehicle-images/62552a944d02cdb6c4e92ffc_2022_04_12_09_30_28.png,Utilitario,"95 Cv,5 puertas,Acabado Advance",1,True,5,OPPORTUNITY,1000.0
Renault,Arkana,E-Tech HEV equilibre,499.0,HYBRID,2023-01-01,0.0,0.0,145,AUTOMATIC,Renault Arkana,https://bipi-pro.s3.eu-west-1.amazonaws.com/specificvehicleplans/628bace7d946050440b3f164/vehicle-images/62dfe2274c4c964d85bd9d56_2022_07_26_14_46_31.png,C-SUV,,1,True,5,NEW,1598.0
Nissan,Micra,IG-T Acenta,345.0,GAS,2019-01-01,20000.0,90000.0,90,MANUAL,Nissan Micra,https://bipi-pro.s3.eu-west-1.amazonaws.com/specificvehicleplans/5fd0de70c3c97a00a35658f2/vehicle-images/62a74a60593f1e57d070e370_2022_06_13_16_32_00.png,Utilitario,"Acabado Acenta,Disponible en gasolina o diesel,85Cv de potencia,Colores disponibles Gris - Naranja",1,True,5,OPPORTUNITY,1000.0
Renault,Clio,1.0 equilibre TCe,369.0,GAS,2022-01-01,0.0,0.0,90,MANUAL,Renault Clio,https://bipi-pro.s3.eu-west-1.amazonaws.com/specificvehicleplans/633c56a7142c188e52f7de49/vehicle-images/6351649e962a7e090f87ad4f_2022_10_20_17_09_18.png,Utilitario,"85Cv de potencia,Color disponible Blanco,Vehiculo hibrido de Gasolina y Gas",4,True,5,NEW,1000.0
Toyota,Corolla,1.8 125H ActiveTech,429.0,HYBRID,2022-01-01,10000.0,30000.0,122,AUTOMATIC,Toyota Corolla,https://bipi-pro.s3.eu-west-1.amazonaws.com/specificvehicleplans/5f80122516e72300a41f2f46/vehicle-images/632312130399e8e771cd1b3e_2022_09_15_13_52_51.png,Compacto,,1,True,5,OPPORTUNITY,1800.0
Fiat,500,1.2 Lounge 69CV,329.0,GAS,2018-01-01,30000.0,100000.0,69,MANUAL,Fiat 500,https://bipi-pro.s3.eu-west-1.amazonaws.com/specificvehicleplans/60a24becfb2bb0008dc6250c/vehicle-images/6246b5e60dc7c5c7de220ea4_2022_04_01_10_20_54.png,CityCar,,1,True,4,OPPORTUNITY,0.0
BMW,Serie 3,318d Touring,599.0,DIESEL,2019-01-01,70000.0,100000.0,150,AUTOMATIC,BMW Serie 3,https://bipi-pro.s3.eu-west-1.amazonaws.com/specificvehicleplans/60338a50c37ea000a54e2127/vehicle-images/627e3bd88d2d684258610d10_2022_05_13_13_07_04.png,SW,"Diesel,150 Cv,5 Plazas,Automatico,Business",1,True,5,OPPORTUNITY,3000.0
Mercedes-Benz,GLC,220d AMG Line 4Matic,799.0,DIESEL,2020-01-01,20000.0,70000.0,194,AUTOMATIC,Mercedes-Benz GLC,https://bipi-pro.s3.eu-west-1.amazonaws.com/specificvehicleplans/622891ced4816e1d287e5870/vehicle-images/625528ebc16cdefb235bdd5d_2022_04_12_09_23_23.png,D-SUV,"170 Cv,5 Plazas,Automatico,Diesel,Gris",1,True,5,OPPORTUNITY,1950.0
Mercedes-Benz,Clase B,180d Advantage,579.0,DIESEL,2018-01-01,30000.0,70000.0,116,AUTOMATIC,Mercedes-Benz Clase B,https://bipi-pro.s3.eu-west-1.amazonaws.com/specificvehicleplans/626aa2ecf42154ec4ec15cd7/vehicle-images/626ab23f8cbe6986ad6a08d0_2022_04_28_17_26_55.png,Monovolumen,,1,True,5,OPPORTUNITY,1461.0
BMW,X2,xDrive25e,699.0,HYBRID,2021-01-01,10000.0,30000.0,220,AUTOMATIC,BMW X2,https://bipi-pro.s3.eu-west-1.amazonaws.com/specificvehicleplans/60a273c8d988e1008d1dcf68/vehicle-images/62439c262ed084401c3aae3a_2022_03_30_01_54_14.png,C-SUV,,1,True,5,OPPORTUNITY,1499.0
Cupra,Formentor,1.5 TSI,599.0,GAS,2022-01-01,0.0,0.0,150,MANUAL,Cupra Formentor,https://bipi-pro.s3.eu-west-1.amazonaws.com/specificvehicleplans/64259d9d13f6b57e88b25f3d/vehicle-images/6425a54e6df8378dd3bb8f93_2023_03_30_17_05_50.png,C-SUV,,2,True,5,NEW,1498.0
Ford,Focus,1.5 Ecoblue Trend,395.0,DIESEL,2018-01-01,0.0,0.0,120,MANUAL,Ford Focus,https://bipi-pro.s3.eu-west-1.amazonaws.com/specificvehicleplans/6463a57ba406d5604229f34f/vehicle-images/64648c51f4fdcf10194fac3d_2023_05_17_10_12_01.png,Compacto,"120 Cv,5 Plazas,Manual,Diesel,Blanco,Seminuevo",1,True,5,OPPORTUNITY,1500.0
Renault,Zoe,Intens R110,569.0,ELECTRIC,2020-01-01,3000.0,5000.0,108,AUTOMATIC,Renault Zoe,https://bipi-pro.s3.eu-west-1.amazonaws.com/specificvehicleplans/63287ccd29d240715691ca79/vehicle-images/6328805729d240715691dae5_2022_09_19_16_44_39.png,Utilitario,,3,True,5,OPPORTUNITY,0.0
DS,DS3 CROSSBACK,Performance Line,499.0,GAS,2022-01-01,10000.0,20000.0,100,MANUAL,DS DS3 CROSSBACK,https://bipi-pro.s3.eu-west-1.amazonaws.com/specificvehicleplans/64918f2c86626c181459e605/vehicle-images/64918fb486626c18145a3831_2023_06_20_13_38_28.png,C-SUV,,1,True,5,OPPORTUNITY,1199.0
Volkswagen,Golf,1.0 TSI Ready2Go,429.0,GAS,2018-01-01,20000.0,40000.0,110,MANUAL,Volkswagen Golf,https://bipi-pro.s3.eu-west-1.amazonaws.com/specificvehicleplans/602d024cbd6d9500a959954c/vehicle-images/624381d3f083c82b8ec79ad2_2022_03_30_00_01_55.png,Compacto,"115 Cv,5 Plazas,Manual,Diesel,Blanco,Seminuevo",1,True,5,OPPORTUNITY,998.0
Peugeot,208,1.2 Puretech Active,335.0,GAS,2018-01-01,20000.0,50000.0,82,MANUAL,Peugeot 208,https://bipi-pro.s3.eu-west-1.amazonaws.com/specificvehicleplans/6022938c017e1200aabb9d3c/vehicle-images/626674d19aedd5237f5bfab8_2022_04_25_12_15_45.png,Utilitario,"85Cv de potencia,Color disponible - Blanco",1,True,5,OPPORTUNITY,1200.0
Renault,Captur,Zen TCe GPF MHEV,499.0,HYBRID,2022-01-01,1000.0,20000.0,140,MANUAL,Renault Captur,https://bipi-pro.s3.eu-west-1.amazonaws.com/specificvehicleplans/625fb18c60080ee4d325d4b2/vehicle-images/62dfe13e54aecdf8b09510bf_2022_07_26_14_42_38.png,B-SUV,,1,True,5,OPPORTUNITY,0.0
Mercedes-Benz,Clase A,180d,529.0,DIESEL,2019-01-01,10000.0,30000.0,116,AUTOMATIC,Mercedes-Benz Clase A,https://bipi-pro.s3.eu-west-1.amazonaws.com/specificvehicleplans/619e6c42e7db7400889a8b17/vehicle-images/62667831f8e46fb19bb6e72d_2022_04_25_12_30_09.png,Compacto,,1,True,5,OPPORTUNITY,1950.0
Mazda,CX5,2.2 Zenith,645.0,DIESEL,2019-01-01,40000.0,60000.0,150,AUTOMATIC,Mazda CX5,https://bipi-pro.s3.eu-west-1.amazonaws.com/specificvehicleplans/5d65013a91895800251c10e7/vehicle-images/63cffc5ddb79d7ea390eedda_2023_01_24_16_42_21.png,C-SUV,,1,True,5,OPPORTUNITY,2200.0
Kia,Stonic,1.0 T-GDi Drive,375.0,GAS,2019-01-01,30000.0,50000.0,100,MANUAL,Kia Stonic,https://bipi-pro.s3.eu-west-1.amazonaws.com/specificvehicleplans/608975cfe208bd0085236b3e/vehicle-images/62438e8bdd5d82abf4c70115_2022_03_30_00_56_11.png,B-SUV,,1,True,5,OPPORTUNITY,998.0
Nissan,Juke,DIG-T 6 M/T Acenta,399.0,GAS,2020-01-01,20000.0,70000.0,117,MANUAL,Nissan Juke,https://bipi-pro.s3.eu-west-1.amazonaws.com/specificvehicleplans/5fd0cd1ca7a77700a48e07fd/vehicle-images/6284d3b5d511ffbbab4a0a35_2022_05_18_13_08_37.png,B-SUV,"Acabado Acenta,Disponible en gasolina o diesel,85Cv de potencia,Colores disponibles Gris - Naranja",1,True,5,OPPORTUNITY,1000.0
Nissan,Qashqai,1.5 dCi N-Connecta,425.0,DIESEL,2018-01-01,30000.0,5000.0,110,MANUAL,Nissan Qashqai,https://bipi-pro.s3.eu-west-1.amazonaws.com/specificvehicleplans/5f3a56b7ae2c8000aa805225/vehicle-images/62501ff0c77d202aeed3ee64_2022_04_08_13_43_44.png,C-SUV,"130 Cv,5 Plazas,Manual,Diesel,Blanco",1,True,5,OPPORTUNITY,1500.0
Kia,Ceed,1.0 T-GDi Business,375.0,GAS,2019-01-01,10000.0,40000.0,120,MANUAL,Kia Ceed,https://bipi-pro.s3.eu-west-1.amazonaws.com/specificvehicleplans/6267d73d6c6f400430be3968/vehicle-images/627ce964b301d979510974b9_2022_05_12_13_03_00.png,Compacto,,1,True,5,OPPORTUNITY,1000.0
Dacia,Sandero,TCe Essential,349.0,GAS,2022-01-01,1000.0,10000.0,90,MANUAL,Dacia Sandero,https://bipi-pro.s3.eu-west-1.amazonaws.com/specificvehicleplans/62be93d94ae334146500b332/vehicle-images/62be94694ae334146500b479_2022_07_01_08_30_01.png,Utilitario,,1,True,5,OPPORTUNITY,999.0
Hyundai,Kona,1.6 GDI HEV Klass,439.0,HYBRID,2020-01-01,20000.0,50000.0,141,AUTOMATIC,Hyundai Kona,https://bipi-pro.s3.eu-west-1.amazonaws.com/specificvehicleplans/5e394d3329b0a000a084f566/vehicle-images/632c23222f72e276f79feeb9_2022_09_22_10_56_02.png,B-SUV,,1,True,5,OPPORTUNITY,1600.0
Citroen,C5 Aircross,1.6 PureTech S&S,525.0,GAS,2019-01-01,50000.0,80000.0,180,AUTOMATIC,Citroen C5 Aircross,https://bipi-pro.s3.eu-west-1.amazonaws.com/specificvehicleplans/63b573facf17c72871fbe682/vehicle-images/63b574af3d985f911a21a42c_2023_01_04_13_44_31.png,C-SUV,,1,True,5,OPPORTUNITY,1598.0
Toyota,Yaris,Hybrid Business Plus,395.0,HYBRID,2022-01-01,1000.0,5000.0,116,AUTOMATIC,Toyota Yaris,https://bipi-pro.s3.eu-west-1.amazonaws.com/specificvehicleplans/61c0871cf14e0500881cd075/vehicle-images/624391dd227b6be55eb4462e_2022_03_30_01_10_21.png,Utilitario,,1,True,5,OPPORTUNITY,0.0
Kia,Niro,1.6GDi Hibrido Drive,419.0,HYBRID,2018-01-01,20000.0,100000.0,141,AUTOMATIC,Kia Niro,https://bipi-pro.s3.eu-west-1.amazonaws.com/specificvehicleplans/5fc7625ba8124200a409b371/vehicle-images/6256ee5a843b55d362222ef8_2022_04_13_17_38_02.png,C-SUV,"Diesel,144 Cv,5 Plazas,Automatico,Rojo Blanco",1,True,5,OPPORTUNITY,1580.0
Seat,Leon,1.5 EcoTSI S&S Style,395.0,GAS,2019-01-01,60000.0,90000.0,130,MANUAL,Seat Leon,https://bipi-pro.s3.eu-west-1.amazonaws.com/specificvehicleplans/5e25742c90472300a55606fc/vehicle-images/62c423d60903448ea3c2f819_2022_07_05_13_43_18.png,SW,"115 Cv,5 Plazas,Manual,Diesel,Seminuevo",1,True,5,OPPORTUNITY,1400.0
Audi,A1,30 TFSi,399.0,GAS,2019-01-01,20000.0,50000.0,116,MANUAL,Audi A1,https://bipi-pro.s3.eu-west-1.amazonaws.com/specificvehicleplans/5e68ae05cb14fd00a938e543/vehicle-images/62437cfa594174a2ca6e8b1f_2022_03_29_23_41_14.png,Utilitario,"Gasolina,116 Cv,5 Plazas,Manual,S Line",1,True,5,OPPORTUNITY,1000.0
Renault,Clio,1.5 dCi Business,325.0,DIESEL,2018-01-01,50000.0,90000.0,75,MANUAL,Renault Clio,https://bipi-pro.s3.eu-west-1.amazonaws.com/specificvehicleplans/5e2199f1974e2200a47a362a/vehicle-images/6243797ff083c82b8ec78c67_2022_03_29_23_26_23.png,Utilitario,"90 Cv de potencia,Color disponible Blanco,Acabado Business",1,True,5,OPPORTUNITY,1461.0
Peugeot,308,1.2 PureTech S&S,395.0,GAS,2019-01-01,20000.0,80000.0,130,MANUAL,Peugeot 308,https://bipi-pro.s3.eu-west-1.amazonaws.com/specificvehicleplans/5e21888f48f6a400a1ddf4ac/vehicle-images/63e38272821871b37412f44a_2023_02_08_12_07_30.png,Compacto,"Diesel,120 Cv,5 Plazas,Manual,Blanco Gris Negro",1,True,5,OPPORTUNITY,1200.0
Seat,Ateca,1.0 Style Edit Nav,419.0,GAS,2019-01-01,40000.0,70000.0,115,MANUAL,Seat Ateca,https://bipi-pro.s3.eu-west-1.amazonaws.com/specificvehicleplans/5e2194fd66ff1e00a355b8a7/vehicle-images/632975fe4cfd3c80b123bc9e_2022_09_20_10_12_46.png,C-SUV,"Style Plus Nav,115 Cv",1,True,5,OPPORTUNITY,1000.0
BMW,X3,xDrive20d,649.0,DIESEL,2018-01-01,60000.0,90000.0,190,AUTOMATIC,BMW X3,https://bipi-pro.s3.eu-west-1.amazonaws.com/specificvehicleplans/60af7453aebe130099733e87/vehicle-images/629609a07805ca862da4aec6_2022_05_31_14_27_12.png,D-SUV,,1,True,5,OPPORTUNITY,1995.0
Peugeot,3008,Hybrid Allure Pack,525.0,HYBRID,2020-01-01,20000.0,40000.0,225,AUTOMATIC,Peugeot 3008,https://bipi-pro.s3.eu-west-1.amazonaws.com/specificvehicleplans/606c88928b3d6800975685f2/vehicle-images/6363b55dbf61894c5c814a9b_2022_11_03_13_34_37.png,C-SUV,"130 Cv,Acabado GT Line",2,True,5,OPPORTUNITY,1600.0
Volkswagen,T-Roc,1.5 TSI Advance DSG,525.0,GAS,2020-01-01,10000.0,80000.0,150,AUTOMATIC,Volkswagen T-Roc,https://bipi-pro.s3.eu-west-1.amazonaws.com/specificvehicleplans/5fd0dbe98cb08000aadc9529/vehicle-images/625ff26899c0e1eb6291fd1d_2022_04_20_13_45_44.png,B-SUV,,1,True,5,OPPORTUNITY,1489.0
Ford,Fiesta,1.1 Ti-VCT Trend,339.0,GAS,2019-01-01,20000.0,70000.0,85,MANUAL,Ford Fiesta,https://bipi-pro.s3.eu-west-1.amazonaws.com/specificvehicleplans/6093f90d320cff0086bc58eb/vehicle-images/64830b11cdcd8a26abbebfab_2023_06_09_13_20_49.png,Utilitario,,1,True,5,OPPORTUNITY,1084.0
Mini,Countryman,1.5 Countryman,519.0,GAS,2018-01-01,20000.0,90000.0,136,MANUAL,Mini Countryman,https://bipi-pro.s3.eu-west-1.amazonaws.com/specificvehicleplans/5ccfef67ddaec80022fe4f66/vehicle-images/6243866d227b6be55eb43833_2022_03_30_00_21_33.png,B-SUV,"Gasolina,136 Cv,Manual,5 Plazas,Verde,Cooper,Nuevo",1,True,5,OPPORTUNITY,1500.0
Fiat,500,Hybrid Dolcevita,325.0,HYBRID,2021-01-01,20000.0,50000.0,70,MANUAL,Fiat 500,https://bipi-pro.s3.eu-west-1.amazonaws.com/specificvehicleplans/615dade0843dbc008731ed0f/vehicle-images/624ac423f8445bc9beb8805b_2022_04_04_12_10_43.png,CityCar,,2,True,4,OPPORTUNITY,999.0
Audi,A1,30 TFSi,485.0,GAS,2019-01-01,20000.0,70000.0,116,MANUAL,Audi A1,https://bipi-pro.s3.eu-west-1.amazonaws.com/specificvehicleplans/5e68ae05cb14fd00a938e543/vehicle-images/62437cfa594174a2ca6e8b1f_2022_03_29_23_41_14.png,Utilitario,"Gasolina,116 Cv,5 Plazas,Manual,S Line",1,True,5,OPPORTUNITY,1000.0
Volkswagen,T-Roc,1.5 TSI Advance DSG,525.0,GAS,2019-01-01,10000.0,80000.0,150,AUTOMATIC,Volkswagen T-Roc,https://bipi-pro.s3.eu-west-1.amazonaws.com/specificvehicleplans/5fd0dbe98cb08000aadc9529/vehicle-images/625ff26899c0e1eb6291fd1d_2022_04_20_13_45_44.png,B-SUV,,1,True,5,OPPORTUNITY,1489.0
Opel,Corsa,XEL EDITION,315.0,GAS,2019-01-01,30000.0,60000.0,75,MANUAL,Opel Corsa,https://bipi-pro.s3.eu-west-1.amazonaws.com/specificvehicleplans/5eeb8d0151595c009e0e0c88/vehicle-images/64073c32d470f97e81f0c32a_2023_03_07_14_29_22.png,Utilitario,,1,True,5,OPPORTUNITY,1199.0
Dacia,Sandero,TCe Essential,349.0,GAS,2022-01-01,0.0,0.0,90,MANUAL,Dacia Sandero,https://bipi-pro.s3.eu-west-1.amazonaws.com/specificvehicleplans/62be93d94ae334146500b332/vehicle-images/62be94694ae334146500b479_2022_07_01_08_30_01.png,Utilitario,,1,True,5,OPPORTUNITY,999.0
Mercedes-Benz,GLC,250 4MATIC,795.0,GAS,2018-01-01,30000.0,100000.0,211,AUTOMATIC,Mercedes-Benz GLC,https://bipi-pro.s3.eu-west-1.amazonaws.com/specificvehicleplans/606302b82faf7e00955e1a1f/vehicle-images/6294a2f1dba55985b10a50f9_2022_05_30_12_56_49.png,D-SUV,"170 Cv,5 Plazas,Automatico,Diesel,Gris",1,True,5,OPPORTUNITY,2000.0
Fiat,Panda,Easy,295.0,GAS,2018-01-01,0.0,0.0,69,MANUAL,Fiat Panda,https://bipi-pro.s3.eu-west-1.amazonaws.com/specificvehicleplans/6491abd0388c37217d225af2/vehicle-images/6492f8dacad2c169e3f85739_2023_06_21_15_19_22.png,CityCar,,1,True,4,OPPORTUNITY,1242.0
Peugeot,208,BlueHDI Active,345.0,DIESEL,2019-01-01,30000.0,90000.0,100,MANUAL,Peugeot 208,https://bipi-pro.s3.eu-west-1.amazonaws.com/specificvehicleplans/5e25a7553eb41200a4a846fe/vehicle-images/626675039aedd5237f5bfc3a_2022_04_25_12_16_35.png,Utilitario,"85Cv de potencia,Color disponible - Blanco",1,True,5,OPPORTUNITY,1499.0
Volkswagen,Polo,1.0 TSI Advance,345.0,GAS,2019-01-01,0.0,0.0,80,MANUAL,Volkswagen Polo,https://bipi-pro.s3.eu-west-1.amazonaws.com/specificvehicleplans/5e382f916d530300ab832903/vehicle-images/62552a944d02cdb6c4e92ffc_2022_04_12_09_30_28.png,Utilitario,"95 Cv,5 puertas,Acabado Advance",1,True,5,OPPORTUNITY,1000.0
Renault,Zoe,Intens R110,569.0,ELECTRIC,2020-01-01,0.0,0.0,108,AUTOMATIC,Renault Zoe,https://bipi-pro.s3.eu-west-1.amazonaws.com/specificvehicleplans/63287ccd29d240715691ca79/vehicle-images/6328805729d240715691dae5_2022_09_19_16_44_39.png,Utilitario,,3,True,5,OPPORTUNITY,0.0
Toyota,Yaris,Hybrid Business Plus,395.0,HYBRID,2022-01-01,0.0,0.0,116,AUTOMATIC,Toyota Yaris,https://bipi-pro.s3.eu-west-1.amazonaws.com/specificvehicleplans/61c0871cf14e0500881cd075/vehicle-images/624391dd227b6be55eb4462e_2022_03_30_01_10_21.png,Utilitario,,1,True,5,OPPORTUNITY,0.0
Toyota,Rav 4,2.5l Feel,545.0,HYBRID,2019-01-01,20000.0,95000.0,218,AUTOMATIC,Toyota Rav 4,https://bipi-pro.s3.eu-west-1.amazonaws.com/specificvehicleplans/5d9c5f80e0182c002568c99c/vehicle-images/630732c8e7f931443dafcfc6_2022_08_25_10_28_56.png,D-SUV,,1,True,5,OPPORTUNITY,2487.0
Renault,Captur,Zen TCe GPF MHEV,499.0,HYBRID,2022-01-01,0.0,0.0,140,MANUAL,Renault Captur,https://bipi-pro.s3.eu-west-1.amazonaws.com/specificvehicleplans/625fb18c60080ee4d325d4b2/vehicle-images/62dfe13e54aecdf8b09510bf_2022_07_26_14_42_38.png,B-SUV,,1,True,5,OPPORTUNITY,0.0
Peugeot,3008,GT Line BlueHDi,459.0,DIESEL,2018-01-01,80000.0,95000.0,130,MANUAL,Peugeot 3008,https://bipi-pro.s3.eu-west-1.amazonaws.com/specificvehicleplans/60b8ae4d12c0270084627399/vehicle-images/6284d0a86578d0e93b48205b_2022_05_18_12_55_36.png,C-SUV,"130 Cv,Acabado GT Line",1,True,5,OPPORTUNITY,1499.0
Toyota,Rav 4,2.5l Advance,545.0,HYBRID,2019-01-01,30000.0,80000.0,218,AUTOMATIC,Toyota Rav 4,https://bipi-pro.s3.eu-west-1.amazonaws.com/specificvehicleplans/6408b46f66c6204ac8a91d55/vehicle-images/64930132892a0a511ff8d46b_2023_06_21_15_54_58.png,D-SUV,,2,True,5,OPPORTUNITY,2487.0
BMW,Serie 1,116d,445.0,DIESEL,2018-01-01,30000.0,100000.0,116,MANUAL,BMW Serie 1,https://bipi-pro.s3.eu-west-1.amazonaws.com/specificvehicleplans/602bcb0d1e756900a40182e8/vehicle-images/62438334dd5d82abf4c6f343_2022_03_30_00_07_48.png,Compacto,,1,True,5,OPPORTUNITY,1500.0
Hyundai,Tucson,1.6 CRDi,449.0,DIESEL,2019-01-01,40000.0,100000.0,116,MANUAL,Hyundai Tucson,https://bipi-pro.s3.eu-west-1.amazonaws.com/specificvehicleplans/62011dee1fba0b008d1b9b47/vehicle-images/6290aa845200473c1b6a56d1_2022_05_27_12_40_04.png,C-SUV,,1,True,5,OPPORTUNITY,1600.0
Volkswagen,Tiguan,TDI Advance DSG,499.0,DIESEL,2019-01-01,30000.0,95000.0,150,AUTOMATIC,Volkswagen Tiguan,https://bipi-pro.s3.eu-west-1.amazonaws.com/specificvehicleplans/5fe9adfa60e69a00a4ff5fed/vehicle-images/6254338929f39aa1e928094e_2022_04_11_15_56_25.png,C-SUV,,1,True,5,OPPORTUNITY,2000.0
Ford,Puma,Titanium,415.0,DIESEL,2021-01-01,20000.0,45000.0,120,MANUAL,Ford Puma,https://bipi-pro.s3.eu-west-1.amazonaws.com/specificvehicleplans/6491b65b940139710c1cff8c/vehicle-images/6491b872df04a2592e8c0e3b_2023_06_20_16_32_18.png,Utilitario,,1,True,5,OPPORTUNITY,1499.0
Nissan,Qashqai,1.5 dCi N-Connecta,425.0,DIESEL,2018-01-01,0.0,0.0,110,MANUAL,Nissan Qashqai,https://bipi-pro.s3.eu-west-1.amazonaws.com/specificvehicleplans/5f3a56b7ae2c8000aa805225/vehicle-images/62501ff0c77d202aeed3ee64_2022_04_08_13_43_44.png,C-SUV,"130 Cv,5 Plazas,Manual,Diesel,Blanco",1,True,5,OPPORTUNITY,1500.0
Volkswagen,Golf,1.6 TDI Edition,435.0,DIESEL,2016-01-01,50000.0,80000.0,115,MANUAL,Volkswagen Golf,https://bipi-pro.s3.eu-west-1.amazonaws.com/specificvehicleplans/5c89274eca7096002702addd/vehicle-images/6243825cdd5d82abf4c6f21d_2022_03_30_00_04_12.png,Compacto,"115 Cv,5 Plazas,Manual,Diesel,Blanco,Seminuevo",1,True,5,OPPORTUNITY,1600.0
Peugeot,5008,1.6 PureTech Allure,549.0,GAS,2019-01-01,40000.0,100000.0,180,AUTOMATIC,Peugeot 5008,https://bipi-pro.s3.eu-west-1.amazonaws.com/specificvehicleplans/61792548f6c087008dec2278/vehicle-images/62d66e785c316601493e7a95_2022_07_19_10_42_32.png,D-SUV,,1,True,7,OPPORTUNITY,1598.0
Kia,Niro,1.6GDi Hibrido Drive,419.0,HYBRID,2018-01-01,20000.0,1000000.0,141,AUTOMATIC,Kia Niro,https://bipi-pro.s3.eu-west-1.amazonaws.com/specificvehicleplans/5fc7625ba8124200a409b371/vehicle-images/6256ee5a843b55d362222ef8_2022_04_13_17_38_02.png,C-SUV,"Diesel,144 Cv,5 Plazas,Automatico,Rojo Blanco",1,True,5,OPPORTUNITY,1580.0
Volkswagen,Arteon,2.0 TDI  DSG,529.0,DIESEL,2018-01-01,90000.0,130000.0,150,AUTOMATIC,Volkswagen Arteon,https://bipi-pro.s3.eu-west-1.amazonaws.com/specificvehicleplans/602ce66303fb6c00a0e0df4f/vehicle-images/6362a00fe6988dd395fccc31_2022_11_02_17_51_27.png,Berlian,"150 Cv,5 Plazas,Manual,Diesel,Negro",1,True,5,OPPORTUNITY,2000.0
Audi,A1,30 TFSi S Line,449.0,GAS,2019-01-01,20000.0,60000.0,116,MANUAL,Audi A1,https://bipi-pro.s3.eu-west-1.amazonaws.com/specificvehicleplans/5e68ae05cb14fd00a938e543/vehicle-images/62437cfa594174a2ca6e8b1f_2022_03_29_23_41_14.png,Utilitario,"Gasolina,116 Cv,5 Plazas,Manual,S Line",1,True,5,OPPORTUNITY,1000.0
Mercedes-Benz,GLC Coupe,250 AMG Line 4Matic,795.0,GAS,2018-01-01,20000.0,100000.0,211,AUTOMATIC,Mercedes-Benz GLC Coupe,https://bipi-pro.s3.eu-west-1.amazonaws.com/specificvehicleplans/62261c080c36e694ec529280/vehicle-images/63440446993af5e0cced1c0b_2022_10_10_13_38_46.png,D-SUV,"170 Cv,5 Plazas,Automatico,Diesel,Gris",1,True,5,OPPORTUNITY,1991.0
Volkswagen,T-Roc,TSI Advance R-Line,529.0,GAS,2022-01-01,10000.0,50000.0,110,MANUAL,Volkswagen T-Roc,https://bipi-pro.s3.eu-west-1.amazonaws.com/specificvehicleplans/5e3061ded8399d00ad364874/vehicle-images/62552ec292317a3623a7e95e_2022_04_12_09_48_18.png,Utilitario,,1,True,5,OPPORTUNITY,999.0
Mercedes-Benz,GLC,250 4MATIC,0.0,GAS,2018-01-01,30000.0,100000.0,211,AUTOMATIC,Mercedes-Benz GLC,https://bipi-pro.s3.eu-west-1.amazonaws.com/specificvehicleplans/606302b82faf7e00955e1a1f/vehicle-images/6294a2f1dba55985b10a50f9_2022_05_30_12_56_49.png,D-SUV,"170 Cv,5 Plazas,Automatico,Diesel,Gris",1,True,5,OPPORTUNITY,2000.0
BMW,Serie 3,318d Touring,549.0,DIESEL,2019-01-01,70000.0,100000.0,150,AUTOMATIC,BMW Serie 3,https://bipi-pro.s3.eu-west-1.amazonaws.com/specificvehicleplans/60338a50c37ea000a54e2127/vehicle-images/627e3bd88d2d684258610d10_2022_05_13_13_07_04.png,SW,"Diesel,150 Cv,5 Plazas,Automatico,Business",1,True,5,OPPORTUNITY,3000.0
Seat,Leon,1.5 TSi Style Visio,399.0,GAS,2019-01-01,30000.0,50000.0,130,MANUAL,Seat Leon,https://bipi-pro.s3.eu-west-1.amazonaws.com/specificvehicleplans/5e25742c90472300a55606fc/vehicle-images/62438c980989fcf36fa4b927_2022_03_30_00_47_52.png,Compacto,"115 Cv,5 Plazas,Manual,Diesel,Seminuevo",1,True,5,OPPORTUNITY,1500.0
Fiat,500,1.2 Lounge 69CV,339.0,GAS,2019-01-01,20000.0,80000.0,69,MANUAL,Fiat 500,https://bipi-pro.s3.eu-west-1.amazonaws.com/specificvehicleplans/60a24becfb2bb0008dc6250c/vehicle-images/6246b5e60dc7c5c7de220ea4_2022_04_01_10_20_54.png,CityCar,,1,True,4,OPPORTUNITY,0.0
Audi,A1,30 TFSi S Line,465.0,GAS,2019-01-01,20000.0,60000.0,116,MANUAL,Audi A1,https://bipi-pro.s3.eu-west-1.amazonaws.com/specificvehicleplans/5e68ae05cb14fd00a938e543/vehicle-images/62437cfa594174a2ca6e8b1f_2022_03_29_23_41_14.png,Utilitario,"Gasolina,116 Cv,5 Plazas,Manual,S Line",1,True,5,OPPORTUNITY,1000.0
BMW,X2,xDrive25e,649.0,HYBRID,2021-01-01,10000.0,30000.0,220,AUTOMATIC,BMW X2,https://bipi-pro.s3.eu-west-1.amazonaws.com/specificvehicleplans/60a273c8d988e1008d1dcf68/vehicle-images/62439c262ed084401c3aae3a_2022_03_30_01_54_14.png,C-SUV,,1,True,5,OPPORTUNITY,1499.0
Mazda,CX5,2.2 Zenith,589.0,DIESEL,2019-01-01,40000.0,60000.0,150,AUTOMATIC,Mazda CX5,https://bipi-pro.s3.eu-west-1.amazonaws.com/specificvehicleplans/5d65013a91895800251c10e7/vehicle-images/63cffc5ddb79d7ea390eedda_2023_01_24_16_42_21.png,C-SUV,,1,True,5,OPPORTUNITY,2200.0
Seat,Leon,1.5 TSi Style Visio,389.0,GAS,2019-01-01,30000.0,50000.0,130,MANUAL,Seat Leon,https://bipi-pro.s3.eu-west-1.amazonaws.com/specificvehicleplans/5e25742c90472300a55606fc/vehicle-images/62438c980989fcf36fa4b927_2022_03_30_00_47_52.png,Compacto,"115 Cv,5 Plazas,Manual,Diesel,Seminuevo",1,True,5,OPPORTUNITY,1500.0
Mercedes-Benz,Clase A,180d,499.0,DIESEL,2019-01-01,10000.0,30000.0,116,AUTOMATIC,Mercedes-Benz Clase A,https://bipi-pro.s3.eu-west-1.amazonaws.com/specificvehicleplans/619e6c42e7db7400889a8b17/vehicle-images/62667831f8e46fb19bb6e72d_2022_04_25_12_30_09.png,Compacto,,1,True,5,OPPORTUNITY,1950.0
Renault,Clio,1.0 equilibre TCe,379.0,GAS,2022-01-01,0.0,0.0,90,MANUAL,Renault Clio,https://bipi-pro.s3.eu-west-1.amazonaws.com/specificvehicleplans/633c56a7142c188e52f7de49/vehicle-images/6351649e962a7e090f87ad4f_2022_10_20_17_09_18.png,Utilitario,"85Cv de potencia,Color disponible Blanco,Vehiculo hibrido de Gasolina y Gas",4,True,5,NEW,1000.0
Peugeot,208,1.5 BlueHDI Active,345.0,DIESEL,2019-01-01,30000.0,90000.0,100,MANUAL,Peugeot 208,https://bipi-pro.s3.eu-west-1.amazonaws.com/specificvehicleplans/5e25a7553eb41200a4a846fe/vehicle-images/626675039aedd5237f5bfc3a_2022_04_25_12_16_35.png,Utilitario,"85Cv de potencia,Color disponible - Blanco",1,True,5,OPPORTUNITY,1499.0
Ford,Fiesta,1.1 Ti-VCT Trend+,339.0,GAS,2019-01-01,20000.0,70000.0,85,MANUAL,Ford Fiesta,https://bipi-pro.s3.eu-west-1.amazonaws.com/specificvehicleplans/6093f90d320cff0086bc58eb/vehicle-images/64830b11cdcd8a26abbebfab_2023_06_09_13_20_49.png,Utilitario,,1,True,5,OPPORTUNITY,1084.0
Nissan,Micra,IG-T Acenta,345.0,GAS,2019-01-01,10000.0,80000.0,90,MANUAL,Nissan Micra,https://bipi-pro.s3.eu-west-1.amazonaws.com/specificvehicleplans/5fd0de70c3c97a00a35658f2/vehicle-images/62a74a60593f1e57d070e370_2022_06_13_16_32_00.png,Utilitario,"Acabado Acenta,Disponible en gasolina o diesel,85Cv de potencia,Colores disponibles Gris - Naranja",1,True,5,OPPORTUNITY,1000.0
Toyota,Yaris,Hybrid Business Plus,369.0,HYBRID,2022-01-01,0.0,0.0,116,AUTOMATIC,Toyota Yaris,https://bipi-pro.s3.eu-west-1.amazonaws.com/specificvehicleplans/61c0871cf14e0500881cd075/vehicle-images/624391dd227b6be55eb4462e_2022_03_30_01_10_21.png,Utilitario,,1,True,5,OPPORTUNITY,0.0
Peugeot,3008,1.5 GT Line BlueHDi,459.0,DIESEL,2018-01-01,80000.0,95000.0,130,MANUAL,Peugeot 3008,https://bipi-pro.s3.eu-west-1.amazonaws.com/specificvehicleplans/60b8ae4d12c0270084627399/vehicle-images/6284d0a86578d0e93b48205b_2022_05_18_12_55_36.png,C-SUV,"130 Cv,Acabado GT Line",1,True,5,OPPORTUNITY,1499.0
Fiat,500,1.2 Lounge 69CV,339.0,GAS,2018-01-01,20000.0,80000.0,69,MANUAL,Fiat 500,https://bipi-pro.s3.eu-west-1.amazonaws.com/specificvehicleplans/60a24becfb2bb0008dc6250c/vehicle-images/6246b5e60dc7c5c7de220ea4_2022_04_01_10_20_54.png,CityCar,,1,True,4,OPPORTUNITY,0.0
Mercedes-Benz,GLC Coupe,250 AMG Line 4Matic,0.0,GAS,2018-01-01,20000.0,100000.0,211,AUTOMATIC,Mercedes-Benz GLC Coupe,https://bipi-pro.s3.eu-west-1.amazonaws.com/specificvehicleplans/62261c080c36e694ec529280/vehicle-images/63440446993af5e0cced1c0b_2022_10_10_13_38_46.png,D-SUV,"170 Cv,5 Plazas,Automatico,Diesel,Gris",1,True,5,OPPORTUNITY,1991.0
Toyota,Rav 4,2.5l Feel,0.0,HYBRID,2019-01-01,20000.0,95000.0,218,AUTOMATIC,Toyota Rav 4,https://bipi-pro.s3.eu-west-1.amazonaws.com/specificvehicleplans/5d9c5f80e0182c002568c99c/vehicle-images/630732c8e7f931443dafcfc6_2022_08_25_10_28_56.png,D-SUV,,1,True,5,OPPORTUNITY,2487.0
Fiat,500,1.2 Lounge 69CV,339.0,GAS,2018-01-01,20000.0,90000.0,69,MANUAL,Fiat 500,https://bipi-pro.s3.eu-west-1.amazonaws.com/specificvehicleplans/60a24becfb2bb0008dc6250c/vehicle-images/6246b5e60dc7c5c7de220ea4_2022_04_01_10_20_54.png,CityCar,,1,True,4,OPPORTUNITY,0.0
BMW,X2,xDrive25e,679.0,HYBRID,2021-01-01,10000.0,30000.0,220,AUTOMATIC,BMW X2,https://bipi-pro.s3.eu-west-1.amazonaws.com/specificvehicleplans/60a273c8d988e1008d1dcf68/vehicle-images/62439c262ed084401c3aae3a_2022_03_30_01_54_14.png,C-SUV,,1,True,5,OPPORTUNITY,1499.0
BMW,X3,xDrive20d,0.0,DIESEL,2018-01-01,60000.0,90000.0,190,AUTOMATIC,BMW X3,https://bipi-pro.s3.eu-west-1.amazonaws.com/specificvehicleplans/60af7453aebe130099733e87/vehicle-images/629609a07805ca862da4aec6_2022_05_31_14_27_12.png,D-SUV,,1,True,5,OPPORTUNITY,1995.0
BMW,Serie 3,318d Touring,0.0,DIESEL,2019-01-01,70000.0,100000.0,150,AUTOMATIC,BMW Serie 3,https://bipi-pro.s3.eu-west-1.amazonaws.com/specificvehicleplans/60338a50c37ea000a54e2127/vehicle-images/627e3bd88d2d684258610d10_2022_05_13_13_07_04.png,SW,"Diesel,150 Cv,5 Plazas,Automatico,Business",1,True,5,OPPORTUNITY,3000.0
Ford,Fiesta,1.1 Ti-VCT Trend+,365.0,GAS,2019-01-01,20000.0,70000.0,85,MANUAL,Ford Fiesta,https://bipi-pro.s3.eu-west-1.amazonaws.com/specificvehicleplans/6093f90d320cff0086bc58eb/vehicle-images/64830b11cdcd8a26abbebfab_2023_06_09_13_20_49.png,Utilitario,,1,True,5,OPPORTUNITY,1084.0
Volkswagen,Arteon,2.0 TDI  DSG,0.0,DIESEL,2018-01-01,90000.0,130000.0,150,AUTOMATIC,Volkswagen Arteon,https://bipi-pro.s3.eu-west-1.amazonaws.com/specificvehicleplans/602ce66303fb6c00a0e0df4f/vehicle-images/6362a00fe6988dd395fccc31_2022_11_02_17_51_27.png,Berlian,"150 Cv,5 Plazas,Manual,Diesel,Negro",1,True,5,OPPORTUNITY,2000.0
Audi,A1,30 TFSi S Line,479.0,GAS,2019-01-01,20000.0,60000.0,116,MANUAL,Audi A1,https://bipi-pro.s3.eu-west-1.amazonaws.com/specificvehicleplans/5e68ae05cb14fd00a938e543/vehicle-images/62437cfa594174a2ca6e8b1f_2022_03_29_23_41_14.png,Utilitario,"Gasolina,116 Cv,5 Plazas,Manual,S Line",1,True,5,OPPORTUNITY,1000.0
Mini,Countryman,1.5 Countryman,0.0,GAS,2018-01-01,20000.0,90000.0,136,MANUAL,Mini Countryman,https://bipi-pro.s3.eu-west-1.amazonaws.com/specificvehicleplans/5ccfef67ddaec80022fe4f66/vehicle-images/6243866d227b6be55eb43833_2022_03_30_00_21_33.png,B-SUV,"Gasolina,136 Cv,Manual,5 Plazas,Verde,Cooper,Nuevo",1,True,5,OPPORTUNITY,1500.0
Fiat,500,Hybrid Dolcevita,349.0,HYBRID,2021-01-01,20000.0,50000.0,70,MANUAL,Fiat 500,https://bipi-pro.s3.eu-west-1.amazonaws.com/specificvehicleplans/615dade0843dbc008731ed0f/vehicle-images/624ac423f8445bc9beb8805b_2022_04_04_12_10_43.png,CityCar,,2,True,4,OPPORTUNITY,999.0
Mercedes-Benz,GLC,250 4MATIC,599.0,GAS,2018-01-01,30000.0,60000.0,211,AUTOMATIC,Mercedes-Benz GLC,https://bipi-pro.s3.eu-west-1.amazonaws.com/specificvehicleplans/606302b82faf7e00955e1a1f/vehicle-images/6294a2f1dba55985b10a50f9_2022_05_30_12_56_49.png,D-SUV,"170 Cv,5 Plazas,Automatico,Diesel,Gris",1,True,5,OPPORTUNITY,2000.0
Renault,Clio,1.0 TCe Business,299.0,GAS,2019-01-01,20000.0,85000.0,75,MANUAL,Renault Clio,https://bipi-pro.s3.eu-west-1.amazonaws.com/specificvehicleplans/5fb540bc5f9db800d484c011/vehicle-images/62cc03faccc7099ce7085009_2022_07_11_13_05_30.png,Utilitario,"90 Cv de potencia,Color disponible Blanco,Acabado Business",1,True,5,OPPORTUNITY,998.0
Renault,Megane,1.5 dCi Business,339.0,DIESEL,2019-01-01,70000.0,110000.0,90,MANUAL,Renault Megane,https://bipi-pro.s3.eu-west-1.amazonaws.com/specificvehicleplans/5fad0aa5e3066000a9401647/vehicle-images/63e647b22ebea1d878a08287_2023_02_10_14_33_38.png,Compacto,"90 Cv de potencia,Color disponible Blanco,Acabado Business",1,True,5,OPPORTUNITY,1500.0
Jeep,Compass,1.6 Mutijet,459.0,DIESEL,2019-01-01,40000.0,60000.0,120,MANUAL,Jeep Compass,https://bipi-pro.s3.eu-west-1.amazonaws.com/specificvehicleplans/62d7e2392c6a092d4c953fbd/vehicle-images/6499800d1139d558c1d9c10a_2023_06_26_14_09_49.png,C-SUV,,1,True,5,OPPORTUNITY,1598.0
BMW,X3,xDrive20i,675.0,GAS,2019-01-01,20000.0,45000.0,184,AUTOMATIC,BMW X3,https://bipi-pro.s3.eu-west-1.amazonaws.com/specificvehicleplans/60c734575a423b008c6710df/vehicle-images/6283c1b2da7e5a3b8f27dd11_2022_05_17_17_39_30.png,D-SUV,,1,True,5,OPPORTUNITY,1995.0
Nissan,X-Trail,X-Tronic Tekna,545.0,DIESEL,2020-01-01,30000.0,60000.0,130,MANUAL,Nissan X-Trail,https://bipi-pro.s3.eu-west-1.amazonaws.com/specificvehicleplans/649568f81da94a604ba24091/vehicle-images/64956a084d4f3d47c9cb4c22_2023_06_23_11_46_48.png,C-SUV,,1,True,7,OPPORTUNITY,1598.0
Nissan,Micra,IG-T Acenta,345.0,GAS,2019-01-01,10000.0,70000.0,100,MANUAL,Nissan Micra,https://bipi-pro.s3.eu-west-1.amazonaws.com/specificvehicleplans/5fd0de70c3c97a00a35658f2/vehicle-images/62a74a60593f1e57d070e370_2022_06_13_16_32_00.png,Utilitario,"Acabado Acenta,Disponible en gasolina o diesel,85Cv de potencia,Colores disponibles Gris - Naranja",1,True,5,OPPORTUNITY,1000.0
Mini,One,1.5 L ONE 5p,339.0,GAS,2018-01-01,50000.0,90000.0,102,MANUAL,Mini One,https://bipi-pro.s3.eu-west-1.amazonaws.com/specificvehicleplans/60a26589a9e879008cd913f1/vehicle-images/63d109cf569169a13c1bb2a1_2023_01_25_11_51_59.png,Utilitario,"95 Cv,5 Plazas,Manual,Diesel,Blanco Negro,Seminuevo",1,True,5,OPPORTUNITY,1496.0
Seat,Leon,1.6TDi ReferencePlus,375.0,DIESEL,2019-01-01,20000.0,40000.0,90,MANUAL,Seat Leon,https://bipi-pro.s3.eu-west-1.amazonaws.com/specificvehicleplans/6033a968c37ea000a54e2d27/vehicle-images/6363b75c41e1bcbaec95c75f_2022_11_03_13_43_08.png,Compacto,"115 Cv,5 Plazas,Manual,Diesel,Seminuevo",1,True,5,OPPORTUNITY,1600.0
BMW,X1,xDrive20d,585.0,DIESEL,2019-01-01,40000.0,70000.0,190,AUTOMATIC,BMW X1,https://bipi-pro.s3.eu-west-1.amazonaws.com/specificvehicleplans/5fca49ebb8d48600ab517fde/vehicle-images/6347ff78cee818f4e098dd18_2022_10_13_14_07_20.png,C-SUV,,1,True,5,OPPORTUNITY,2000.0
Mercedes-Benz,Clase A,180d,549.0,DIESEL,2019-01-01,10000.0,30000.0,116,AUTOMATIC,Mercedes-Benz Clase A,https://bipi-pro.s3.eu-west-1.amazonaws.com/specificvehicleplans/619e6c42e7db7400889a8b17/vehicle-images/62667831f8e46fb19bb6e72d_2022_04_25_12_30_09.png,Compacto,,1,True,5,OPPORTUNITY,1950.0
Toyota,C-HR,1.8 125H Advance,449.0,HYBRID,2019-01-01,20000.0,80000.0,122,AUTOMATIC,Toyota C-HR,https://bipi-pro.s3.eu-west-1.amazonaws.com/specificvehicleplans/5d7637448fd7a40028d44430/vehicle-images/62d54f59b0bd39eb4f07c9a1_2022_07_18_14_17_29.png,C-SUV,,1,True,5,OPPORTUNITY,1798.0
Mercedes-Benz,CLA,250e Business,659.0,HYBRID,2021-01-01,10000.0,20000.0,218,AUTOMATIC,Mercedes-Benz CLA,https://bipi-pro.s3.eu-west-1.amazonaws.com/specificvehicleplans/62bc14dcd23f6564764ee5cd/vehicle-images/6363795298a997249f8ab58f_2022_11_03_09_18_26.png,Berlian,,1,True,5,OPPORTUNITY,2000.0
Peugeot,3008,1.2 Puretech Allure,445.0,GAS,2019-01-01,30000.0,60000.0,130,MANUAL,Peugeot 3008,https://bipi-pro.s3.eu-west-1.amazonaws.com/specificvehicleplans/5f155e88d9918800a844474f/vehicle-images/6243946c2ed084401c3aa772_2022_03_30_01_21_16.png,C-SUV,"130 Cv,Acabado GT Line",1,True,5,OPPORTUNITY,1200.0
Renault,Clio,1.0 equilibre TCe,355.0,GAS,2022-01-01,0.0,0.0,90,MANUAL,Renault Clio,https://bipi-pro.s3.eu-west-1.amazonaws.com/specificvehicleplans/633c56a7142c188e52f7de49/vehicle-images/6351649e962a7e090f87ad4f_2022_10_20_17_09_18.png,Utilitario,"85Cv de potencia,Color disponible Blanco,Vehiculo hibrido de Gasolina y Gas",4,True,5,OPPORTUNITY,1000.0
Toyota,Corolla,1.8 125H ActiveTech,429.0,HYBRID,2022-01-01,20000.0,40000.0,122,AUTOMATIC,Toyota Corolla,https://bipi-pro.s3.eu-west-1.amazonaws.com/specificvehicleplans/5f80122516e72300a41f2f46/vehicle-images/632312130399e8e771cd1b3e_2022_09_15_13_52_51.png,Compacto,,1,True,5,OPPORTUNITY,1800.0
Volkswagen,Tiguan,1.5 TSI Advance,575.0,GAS,2020-01-01,20000.0,50000.0,150,AUTOMATIC,Volkswagen Tiguan,https://bipi-pro.s3.eu-west-1.amazonaws.com/specificvehicleplans/649570d362bee43c7f259cd7/vehicle-images/649572b498d338f60a4762b1_2023_06_23_12_23_48.png,C-SUV,,1,True,5,OPPORTUNITY,1498.0
Nissan,Qashqai,1.5 dCi N-Connecta,425.0,DIESEL,2018-01-01,30000.0,70000.0,115,MANUAL,Nissan Qashqai,https://bipi-pro.s3.eu-west-1.amazonaws.com/specificvehicleplans/5f3a56b7ae2c8000aa805225/vehicle-images/62501ff0c77d202aeed3ee64_2022_04_08_13_43_44.png,C-SUV,"130 Cv,5 Plazas,Manual,Diesel,Blanco",1,True,5,OPPORTUNITY,1500.0
Ford,Puma,1.0Ecoboost Titanium,439.0,HYBRID,2020-01-01,20000.0,50000.0,125,MANUAL,Ford Puma,https://bipi-pro.s3.eu-west-1.amazonaws.com/specificvehicleplans/6036897f50483200a1ab7104/vehicle-images/6290a6bdb97602effe24981f_2022_05_27_12_23_57.png,B-SUV,,1,True,5,OPPORTUNITY,998.0
Volkswagen,Golf,1.0 TSI Ready2Go,429.0,GAS,2018-01-01,20000.0,70000.0,110,MANUAL,Volkswagen Golf,https://bipi-pro.s3.eu-west-1.amazonaws.com/specificvehicleplans/602d024cbd6d9500a959954c/vehicle-images/624381d3f083c82b8ec79ad2_2022_03_30_00_01_55.png,Compacto,"115 Cv,5 Plazas,Manual,Diesel,Blanco,Seminuevo",1,True,5,OPPORTUNITY,998.0
Audi,Q3,2.0 TDI,549.0,DIESEL,2018-01-01,90000.0,120000.0,150,AUTOMATIC,Audi Q3,https://bipi-pro.s3.eu-west-1.amazonaws.com/specificvehicleplans/60c72cd51c3aba008690f182/vehicle-images/638dc607a2a5f38bc51451c6_2022_12_05_11_20_55.png,C-SUV,,1,True,5,OPPORTUNITY,1968.0
Peugeot,5008,1.5 BlueHDi GT Line,495.0,DIESEL,2018-01-01,70000.0,100000.0,130,MANUAL,Peugeot 5008,https://bipi-pro.s3.eu-west-1.amazonaws.com/specificvehicleplans/643807a2cc3b3a09434613bc/vehicle-images/645a2d142508c41ea59791bc_2023_05_09_13_23_00.png,D-SUV,,1,True,7,OPPORTUNITY,1500.0
Ford,Focus,1.5 TDCi Trend,365.0,DIESEL,2018-01-01,50000.0,80000.0,95,MANUAL,Ford Focus,https://bipi-pro.s3.eu-west-1.amazonaws.com/specificvehicleplans/6495737a98d338f60a478be0/vehicle-images/649584fe1d61ed4941d9bb34_2023_06_23_13_41_50.png,Compacto,"120 Cv,5 Plazas,Manual,Diesel,Blanco,Seminuevo",1,True,5,OPPORTUNITY,0.0
Peugeot,2008,Allure BlueHDI,475.0,DIESEL,2021-01-01,10000.0,30000.0,130,AUTOMATIC,Peugeot 2008,https://bipi-pro.s3.eu-west-1.amazonaws.com/specificvehicleplans/60a26d4da97cff0083662ae5/vehicle-images/627138c95f5f16f97b3a00e6_2022_05_03_16_14_33.png,B-SUV,,1,True,5,OPPORTUNITY,1499.0
Peugeot,308,1.5 BlueHDi Access,375.0,DIESEL,2019-01-01,70000.0,100000.0,100,MANUAL,Peugeot 308,https://bipi-pro.s3.eu-west-1.amazonaws.com/specificvehicleplans/5e21888f48f6a400a1ddf4ac/vehicle-images/63e38272821871b37412f44a_2023_02_08_12_07_30.png,Compacto,"Diesel,120 Cv,5 Plazas,Manual,Blanco Gris Negro",1,True,5,OPPORTUNITY,1200.0
Mitsubishi,Eclipse Cross,150T Kaiteki CVT 4WD,499.0,GAS,2019-01-01,30000.0,60000.0,163,AUTOMATIC,Mitsubishi Eclipse Cross,https://bipi-pro.s3.eu-west-1.amazonaws.com/specificvehicleplans/625544a960f3ac03fcbf6082/vehicle-images/625544b68534916ce06d928b_2022_04_12_11_21_58.png,C-SUV,,1,True,5,OPPORTUNITY,1499.0
Mercedes-Benz,Clase A,200d AMG LINE,499.0,DIESEL,2018-01-01,60000.0,90000.0,136,AUTOMATIC,Mercedes-Benz Clase A,https://bipi-pro.s3.eu-west-1.amazonaws.com/specificvehicleplans/6437ca3f4b8b85b7a2cf32e9/vehicle-images/64411f5ce27a9688c8a99ed8_2023_04_20_13_17_48.png,Compacto,,2,True,5,OPPORTUNITY,2143.0
Dacia,Sandero,TCe Essential,319.0,GAS,2022-01-01,0.0,0.0,90,MANUAL,Dacia Sandero,https://bipi-pro.s3.eu-west-1.amazonaws.com/specificvehicleplans/62be93d94ae334146500b332/vehicle-images/62be94694ae334146500b479_2022_07_01_08_30_01.png,Utilitario,,1,True,5,OPPORTUNITY,999.0
Fiat,Panda,Easy,269.0,GAS,2018-01-01,0.0,0.0,69,MANUAL,Fiat Panda,https://bipi-pro.s3.eu-west-1.amazonaws.com/specificvehicleplans/6491abd0388c37217d225af2/vehicle-images/6492f8dacad2c169e3f85739_2023_06_21_15_19_22.png,CityCar,,1,True,4,OPPORTUNITY,1242.0
BMW,X3,xDrive20i,639.0,GAS,2019-01-01,20000.0,45000.0,184,AUTOMATIC,BMW X3,https://bipi-pro.s3.eu-west-1.amazonaws.com/specificvehicleplans/60c734575a423b008c6710df/vehicle-images/6283c1b2da7e5a3b8f27dd11_2022_05_17_17_39_30.png,D-SUV,,1,True,5,OPPORTUNITY,1995.0
Cupra,Formentor,1.5 TSI,615.0,GAS,2022-01-01,0.0,0.0,150,MANUAL,Cupra Formentor,https://bipi-pro.s3.eu-west-1.amazonaws.com/specificvehicleplans/64259d9d13f6b57e88b25f3d/vehicle-images/6425a54e6df8378dd3bb8f93_2023_03_30_17_05_50.png,C-SUV,,2,True,5,NEW,1498.0
Nissan,X-Trail,X-Tronic Tekna,545.0,DIESEL,2020-01-01,30000.0,60000.0,150,MANUAL,Nissan X-Trail,https://bipi-pro.s3.eu-west-1.amazonaws.com/specificvehicleplans/649568f81da94a604ba24091/vehicle-images/64956a084d4f3d47c9cb4c22_2023_06_23_11_46_48.png,C-SUV,,1,True,7,OPPORTUNITY,1598.0
Nissan,Micra,IG-T Acenta,359.0,GAS,2019-01-01,10000.0,70000.0,100,MANUAL,Nissan Micra,https://bipi-pro.s3.eu-west-1.amazonaws.com/specificvehicleplans/5fd0de70c3c97a00a35658f2/vehicle-images/62a74a60593f1e57d070e370_2022_06_13_16_32_00.png,Utilitario,"Acabado Acenta,Disponible en gasolina o diesel,85Cv de potencia,Colores disponibles Gris - Naranja",1,True,5,OPPORTUNITY,1000.0
Citroen,C5 Aircross,1.6 PureTech S&S,499.0,GAS,2019-01-01,50000.0,80000.0,180,AUTOMATIC,Citroen C5 Aircross,https://bipi-pro.s3.eu-west-1.amazonaws.com/specificvehicleplans/63b573facf17c72871fbe682/vehicle-images/63b574af3d985f911a21a42c_2023_01_04_13_44_31.png,C-SUV,,1,True,5,OPPORTUNITY,1598.0
Ford,Fiesta,1.5 TDCi Trend+,315.0,DIESEL,2018-01-01,90000.0,120000.0,85,MANUAL,Ford Fiesta,https://bipi-pro.s3.eu-west-1.amazonaws.com/specificvehicleplans/5c8920131f679500220c560d/vehicle-images/64957e04dd9f1649e308b133_2023_06_23_13_12_04.png,Utilitario,"85 Cv,5 Plazas,Manual,Diesel,Seminuevo",1,True,5,OPPORTUNITY,1500.0
Audi,Q3,35 TFSI S line,595.0,GAS,2019-01-01,60000.0,80000.0,150,AUTOMATIC,Audi Q3,https://bipi-pro.s3.eu-west-1.amazonaws.com/specificvehicleplans/5e7de29e155c5300a64021e7/vehicle-images/6243a2db5232e258e905965a_2022_03_30_02_22_51.png,C-SUV,,1,True,5,OPPORTUNITY,1500.0
Ford,Puma,1.0Ecoboost Titanium,449.0,HYBRID,2020-01-01,20000.0,50000.0,125,MANUAL,Ford Puma,https://bipi-pro.s3.eu-west-1.amazonaws.com/specificvehicleplans/6036897f50483200a1ab7104/vehicle-images/6290a6bdb97602effe24981f_2022_05_27_12_23_57.png,B-SUV,,1,True,5,OPPORTUNITY,998.0
Peugeot,3008,1.5 BlueHDi,475.0,DIESEL,2020-01-01,20000.0,40000.0,130,MANUAL,Peugeot 3008,https://bipi-pro.s3.eu-west-1.amazonaws.com/specificvehicleplans/63b4546304a86036a639bb80/vehicle-images/63b4551f04a86036a639bdf3_2023_01_03_17_17_35.png,C-SUV,"130 Cv,Acabado GT Line",2,True,5,OPPORTUNITY,1200.0
Volkswagen,T-Roc,2.0 TDI Advance DSG,495.0,DIESEL,2019-01-01,30000.0,80000.0,150,AUTOMATIC,Volkswagen T-Roc,https://bipi-pro.s3.eu-west-1.amazonaws.com/specificvehicleplans/60a26e12a9e879008cd9160b/vehicle-images/6253f1cf7a78080cc4f0eca8_2022_04_11_11_15_59.png,Utilitario,,1,True,5,OPPORTUNITY,2000.0
Renault,Clio,1.0 TCe Business,0.0,GAS,2019-01-01,20000.0,85000.0,75,MANUAL,Renault Clio,https://bipi-pro.s3.eu-west-1.amazonaws.com/specificvehicleplans/5fb540bc5f9db800d484c011/vehicle-images/62cc03faccc7099ce7085009_2022_07_11_13_05_30.png,Utilitario,"90 Cv de potencia,Color disponible Blanco,Acabado Business",1,True,5,OPPORTUNITY,998.0
BMW,X2,xDrive25e,679.0,HYBRID,2021-01-01,10000.0,50000.0,220,AUTOMATIC,BMW X2,https://bipi-pro.s3.eu-west-1.amazonaws.com/specificvehicleplans/60a273c8d988e1008d1dcf68/vehicle-images/62439c262ed084401c3aae3a_2022_03_30_01_54_14.png,C-SUV,,1,True,5,OPPORTUNITY,1499.0
Nissan,Qashqai,1.5 dCi N-Connecta,0.0,DIESEL,2018-01-01,30000.0,70000.0,115,MANUAL,Nissan Qashqai,https://bipi-pro.s3.eu-west-1.amazonaws.com/specificvehicleplans/5f3a56b7ae2c8000aa805225/vehicle-images/62501ff0c77d202aeed3ee64_2022_04_08_13_43_44.png,C-SUV,"130 Cv,5 Plazas,Manual,Diesel,Blanco",1,True,5,OPPORTUNITY,1500.0
Toyota,C-HR,1.8 125H Advance,449.0,HYBRID,2019-01-01,20000.0,90000.0,122,AUTOMATIC,Toyota C-HR,https://bipi-pro.s3.eu-west-1.amazonaws.com/specificvehicleplans/5d7637448fd7a40028d44430/vehicle-images/62d54f59b0bd39eb4f07c9a1_2022_07_18_14_17_29.png,C-SUV,,1,True,5,OPPORTUNITY,1798.0
BMW,X3,xDrive20d,699.0,DIESEL,2019-01-01,50000.0,80000.0,190,AUTOMATIC,BMW X3,https://bipi-pro.s3.eu-west-1.amazonaws.com/specificvehicleplans/60af7453aebe130099733e87/vehicle-images/629609a07805ca862da4aec6_2022_05_31_14_27_12.png,D-SUV,,1,True,5,OPPORTUNITY,1995.0
Opel,Corsa,1.4 Selective,299.0,GAS,2018-01-01,70000.0,100000.0,90,MANUAL,Opel Corsa,https://bipi-pro.s3.eu-west-1.amazonaws.com/specificvehicleplans/5eeb8d0151595c009e0e0c88/vehicle-images/64073c32d470f97e81f0c32a_2023_03_07_14_29_22.png,Utilitario,,1,True,5,OPPORTUNITY,1400.0
Fiat,500,1.2 Lounge,325.0,GAS,2016-01-01,80000.0,120000.0,69,MANUAL,Fiat 500,https://bipi-pro.s3.eu-west-1.amazonaws.com/specificvehicleplans/5ef0dee594274a00965057ec/vehicle-images/6246b62447ad5316e6b294ce_2022_04_01_10_21_56.png,CityCar,,1,True,4,OPPORTUNITY,1200.0
BMW,X3,xDrive20d,0.0,DIESEL,2019-01-01,50000.0,80000.0,190,AUTOMATIC,BMW X3,https://bipi-pro.s3.eu-west-1.amazonaws.com/specificvehicleplans/60af7453aebe130099733e87/vehicle-images/629609a07805ca862da4aec6_2022_05_31_14_27_12.png,D-SUV,,1,True,5,OPPORTUNITY,1995.0
Nissan,Qashqai,1.5 dCi N-Connecta,449.0,DIESEL,2018-01-01,60000.0,100000.0,115,MANUAL,Nissan Qashqai,https://bipi-pro.s3.eu-west-1.amazonaws.com/specificvehicleplans/5f3a56b7ae2c8000aa805225/vehicle-images/62501ff0c77d202aeed3ee64_2022_04_08_13_43_44.png,C-SUV,"130 Cv,5 Plazas,Manual,Diesel,Blanco",1,True,5,OPPORTUNITY,1500.0
Hyundai,Kona,1.0 TGDI Klass,439.0,GAS,2018-01-01,50000.0,80000.0,120,MANUAL,Hyundai Kona,https://bipi-pro.s3.eu-west-1.amazonaws.com/specificvehicleplans/5e42d11b3e468d00a5172b73/vehicle-images/62457b20c40ad3585f35bc05_2022_03_31_11_57_52.png,B-SUV,"120 Cv,Blanco,Acabado Klass,4x2,5 Puertas",1,True,5,OPPORTUNITY,1000.0
Peugeot,308,1.5 BlueHDi,375.0,DIESEL,2019-01-01,70000.0,100000.0,100,MANUAL,Peugeot 308,https://bipi-pro.s3.eu-west-1.amazonaws.com/specificvehicleplans/5e21888f48f6a400a1ddf4ac/vehicle-images/63e38272821871b37412f44a_2023_02_08_12_07_30.png,Compacto,"Diesel,120 Cv,5 Plazas,Manual,Blanco Gris Negro",1,True,5,OPPORTUNITY,1200.0
Seat,Ibiza,1.6 TDI Reference,335.0,DIESEL,2019-01-01,0.0,0.0,80,MANUAL,Seat Ibiza,https://bipi-pro.s3.eu-west-1.amazonaws.com/specificvehicleplans/60bf2d492af5cb0085cc7fe0/vehicle-images/636297b3c6aecd51554ec4b9_2022_11_02_17_15_47.png,Utilitario,"115 Cv,5 Plazas,Manual,Diesel,Seminuevo",1,True,5,OPPORTUNITY,1598.0
Seat,Ateca,Style Ed Nav DSG,449.0,GAS,2019-01-01,20000.0,50000.0,150,AUTOMATIC,Seat Ateca,https://bipi-pro.s3.eu-west-1.amazonaws.com/specificvehicleplans/6102814b01f4270086d1c298/vehicle-images/62d7d0a255cecef31c805069_2022_07_20_11_53_38.png,C-SUV,"Style Plus Nav,115 Cv",1,True,5,OPPORTUNITY,1498.0
Mazda,CX5,2.2 Zenith,549.0,DIESEL,2019-01-01,40000.0,60000.0,150,AUTOMATIC,Mazda CX5,https://bipi-pro.s3.eu-west-1.amazonaws.com/specificvehicleplans/5d65013a91895800251c10e7/vehicle-images/63cffc5ddb79d7ea390eedda_2023_01_24_16_42_21.png,C-SUV,,1,True,5,OPPORTUNITY,2200.0
Opel,Corsa,XEL EDITION,309.0,GAS,2019-01-01,30000.0,60000.0,75,MANUAL,Opel Corsa,https://bipi-pro.s3.eu-west-1.amazonaws.com/specificvehicleplans/5eeb8d0151595c009e0e0c88/vehicle-images/64073c32d470f97e81f0c32a_2023_03_07_14_29_22.png,Utilitario,,1,True,5,OPPORTUNITY,1199.0
Dacia,Sandero,TCe Essential,299.0,GAS,2022-01-01,0.0,0.0,90,MANUAL,Dacia Sandero,https://bipi-pro.s3.eu-west-1.amazonaws.com/specificvehicleplans/62be93d94ae334146500b332/vehicle-images/62be94694ae334146500b479_2022_07_01_08_30_01.png,Utilitario,,1,True,5,OPPORTUNITY,999.0
Peugeot,208,1.2 Puretech Active,329.0,GAS,2018-01-01,20000.0,50000.0,82,MANUAL,Peugeot 208,https://bipi-pro.s3.eu-west-1.amazonaws.com/specificvehicleplans/6022938c017e1200aabb9d3c/vehicle-images/626674d19aedd5237f5bfab8_2022_04_25_12_15_45.png,Utilitario,"85Cv de potencia,Color disponible - Blanco",1,True,5,OPPORTUNITY,1200.0
Audi,A3,35 TFSI S tronic,499.0,GAS,2019-01-01,60000.0,95000.0,150,AUTOMATIC,Audi A3,https://bipi-pro.s3.eu-west-1.amazonaws.com/specificvehicleplans/61c1fd1daa1565008a939958/vehicle-images/6256dd1a706fec6216f844c7_2022_04_13_16_24_26.png,Compacto,"Gasolina,116 Cv,5 Plazas,Manual,S Line",1,True,5,OPPORTUNITY,1498.0
Nissan,X-Trail,X-Tronic Tekna,529.0,DIESEL,2020-01-01,30000.0,60000.0,150,MANUAL,Nissan X-Trail,https://bipi-pro.s3.eu-west-1.amazonaws.com/specificvehicleplans/649568f81da94a604ba24091/vehicle-images/64956a084d4f3d47c9cb4c22_2023_06_23_11_46_48.png,C-SUV,,1,True,7,OPPORTUNITY,1598.0
Renault,Clio,1.0 equilibre TCe,349.0,GAS,2022-01-01,0.0,0.0,90,MANUAL,Renault Clio,https://bipi-pro.s3.eu-west-1.amazonaws.com/specificvehicleplans/633c56a7142c188e52f7de49/vehicle-images/6351649e962a7e090f87ad4f_2022_10_20_17_09_18.png,Utilitario,"85Cv de potencia,Color disponible Blanco,Vehiculo hibrido de Gasolina y Gas",4,True,5,OPPORTUNITY,1000.0
Nissan,Micra,1.0 IG-T Acenta,345.0,GAS,2020-01-01,10000.0,30000.0,100,MANUAL,Nissan Micra,https://bipi-pro.s3.eu-west-1.amazonaws.com/specificvehicleplans/5fd0de70c3c97a00a35658f2/vehicle-images/62a74a60593f1e57d070e370_2022_06_13_16_32_00.png,Utilitario,"Acabado Acenta,Disponible en gasolina o diesel,85Cv de potencia,Colores disponibles Gris - Naranja",1,True,5,OPPORTUNITY,1000.0
Toyota,Yaris,Hybrid Business Plus,349.0,HYBRID,2022-01-01,0.0,0.0,116,AUTOMATIC,Toyota Yaris,https://bipi-pro.s3.eu-west-1.amazonaws.com/specificvehicleplans/61c0871cf14e0500881cd075/vehicle-images/624391dd227b6be55eb4462e_2022_03_30_01_10_21.png,Utilitario,,1,True,5,OPPORTUNITY,0.0
BMW,X1,sDrive18d Business,525.0,DIESEL,2019-01-01,40000.0,95000.0,150,AUTOMATIC,BMW X1,https://bipi-pro.s3.eu-west-1.amazonaws.com/specificvehicleplans/60422d577bd5cc0098bb01e5/vehicle-images/63ea209279c4745e6f11696b_2023_02_13_12_35_46.png,C-SUV,,1,True,5,OPPORTUNITY,1995.0
BMW,Serie 1,116d,419.0,DIESEL,2018-01-01,30000.0,100000.0,116,MANUAL,BMW Serie 1,https://bipi-pro.s3.eu-west-1.amazonaws.com/specificvehicleplans/602bcb0d1e756900a40182e8/vehicle-images/62438334dd5d82abf4c6f343_2022_03_30_00_07_48.png,Compacto,,1,True,5,OPPORTUNITY,1500.0
Nissan,Juke,DIG-T 6 M/T Acenta,389.0,GAS,2020-01-01,20000.0,70000.0,117,MANUAL,Nissan Juke,https://bipi-pro.s3.eu-west-1.amazonaws.com/specificvehicleplans/5fd0cd1ca7a77700a48e07fd/vehicle-images/6284d3b5d511ffbbab4a0a35_2022_05_18_13_08_37.png,B-SUV,"Acabado Acenta,Disponible en gasolina o diesel,85Cv de potencia,Colores disponibles Gris - Naranja",1,True,5,OPPORTUNITY,1000.0
Nissan,Qashqai,DIG-T Acenta,445.0,GAS,2020-01-01,40000.0,60000.0,140,MANUAL,Nissan Qashqai,https://bipi-pro.s3.eu-west-1.amazonaws.com/specificvehicleplans/5d6d364657d34e0022b6e7ac/vehicle-images/62438dcf227b6be55eb440e1_2022_03_30_00_53_03.png,C-SUV,"130 Cv,5 Plazas,Manual,Diesel,Blanco",1,True,5,OPPORTUNITY,1332.0
Toyota,C-HR,1.8 Active,449.0,HYBRID,2018-01-01,15000.0,80000.0,122,AUTOMATIC,Toyota C-HR,https://bipi-pro.s3.eu-west-1.amazonaws.com/specificvehicleplans/5e42d9fe2d37bb00a450f37d/vehicle-images/625e75c5491d1f49afaf9106_2022_04_19_10_41_41.png,C-SUV,,1,True,5,OPPORTUNITY,1800.0
Peugeot,3008,1.2 Puretech Allure,439.0,GAS,2019-01-01,30000.0,60000.0,130,MANUAL,Peugeot 3008,https://bipi-pro.s3.eu-west-1.amazonaws.com/specificvehicleplans/5f155e88d9918800a844474f/vehicle-images/6243946c2ed084401c3aa772_2022_03_30_01_21_16.png,C-SUV,"130 Cv,Acabado GT Line",1,True,5,OPPORTUNITY,1200.0
Hyundai,Kona,1.0 TGDI Klass,349.0,GAS,2018-01-01,50000.0,80000.0,120,MANUAL,Hyundai Kona,https://bipi-pro.s3.eu-west-1.amazonaws.com/specificvehicleplans/5e42d11b3e468d00a5172b73/vehicle-images/62457b20c40ad3585f35bc05_2022_03_31_11_57_52.png,B-SUV,"120 Cv,Blanco,Acabado Klass,4x2,5 Puertas",1,True,5,OPPORTUNITY,1000.0
Kia,Niro,1.6GDi Hibrido Drive,429.0,HYBRID,2018-01-01,20000.0,100000.0,141,AUTOMATIC,Kia Niro,https://bipi-pro.s3.eu-west-1.amazonaws.com/specificvehicleplans/5fc7625ba8124200a409b371/vehicle-images/6256ee5a843b55d362222ef8_2022_04_13_17_38_02.png,C-SUV,"Diesel,144 Cv,5 Plazas,Automatico,Rojo Blanco",1,True,5,OPPORTUNITY,1580.0
Mercedes-Benz,GLA,GLA 200d,545.0,DIESEL,2019-01-01,20000.0,50000.0,136,AUTOMATIC,Mercedes-Benz GLA,https://bipi-pro.s3.eu-west-1.amazonaws.com/specificvehicleplans/5f0c460052462700982c05d5/vehicle-images/62e23a5434709a481332c995_2022_07_28_09_27_16.png,C-SUV,,1,True,5,OPPORTUNITY,2000.0
Seat,Ateca,1.5 TSI Style,449.0,GAS,2019-01-01,20000.0,50000.0,150,AUTOMATIC,Seat Ateca,https://bipi-pro.s3.eu-west-1.amazonaws.com/specificvehicleplans/6102814b01f4270086d1c298/vehicle-images/62d7d0a255cecef31c805069_2022_07_20_11_53_38.png,C-SUV,"Style Plus Nav,115 Cv",1,True,5,OPPORTUNITY,1498.0
Peugeot,3008,1.5 BlueHDi,469.0,DIESEL,2020-01-01,20000.0,40000.0,130,MANUAL,Peugeot 3008,https://bipi-pro.s3.eu-west-1.amazonaws.com/specificvehicleplans/63b4546304a86036a639bb80/vehicle-images/63b4551f04a86036a639bdf3_2023_01_03_17_17_35.png,C-SUV,"130 Cv,Acabado GT Line",2,True,5,OPPORTUNITY,1200.0
Volkswagen,T-Roc,2.0 TDI Advance DSG,499.0,DIESEL,2019-01-01,30000.0,80000.0,150,AUTOMATIC,Volkswagen T-Roc,https://bipi-pro.s3.eu-west-1.amazonaws.com/specificvehicleplans/60a26e12a9e879008cd9160b/vehicle-images/6253f1cf7a78080cc4f0eca8_2022_04_11_11_15_59.png,Utilitario,,1,True,5,OPPORTUNITY,2000.0
Lexus,UX,2.0 250h,619.0,HYBRID,2022-01-01,0.0,0.0,184,AUTOMATIC,Lexus UX,https://bipi-pro.s3.eu-west-1.amazonaws.com/specificvehicleplans/5f6dc6cdeaa82900b344d16e/vehicle-images/624397ef2ed084401c3aaacd_2022_03_30_01_36_15.png,C-SUV,"120 Cv,5 Plazas,Manual,Diesel,Blanco Gris",1,True,5,NEW,2000.0
Cupra,Formentor,1.5 TSI,649.0,GAS,2022-01-01,0.0,0.0,150,MANUAL,Cupra Formentor,https://bipi-pro.s3.eu-west-1.amazonaws.com/specificvehicleplans/64259d9d13f6b57e88b25f3d/vehicle-images/6425a54e6df8378dd3bb8f93_2023_03_30_17_05_50.png,C-SUV,,2,True,5,NEW,1498.0
Mercedes-Benz,Clase B,180d Advantage,539.0,DIESEL,2018-01-01,30000.0,70000.0,116,AUTOMATIC,Mercedes-Benz Clase B,https://bipi-pro.s3.eu-west-1.amazonaws.com/specificvehicleplans/626aa2ecf42154ec4ec15cd7/vehicle-images/626ab23f8cbe6986ad6a08d0_2022_04_28_17_26_55.png,Monovolumen,,1,True,5,OPPORTUNITY,1461.0
BMW,X2,xDrive25e,699.0,HYBRID,2021-01-01,10000.0,50000.0,220,AUTOMATIC,BMW X2,https://bipi-pro.s3.eu-west-1.amazonaws.com/specificvehicleplans/60a273c8d988e1008d1dcf68/vehicle-images/62439c262ed084401c3aae3a_2022_03_30_01_54_14.png,C-SUV,,1,True,5,OPPORTUNITY,1499.0
Peugeot,3008,1.2 Puretech Allure,0.0,GAS,2019-01-01,30000.0,60000.0,130,MANUAL,Peugeot 3008,https://bipi-pro.s3.eu-west-1.amazonaws.com/specificvehicleplans/5f155e88d9918800a844474f/vehicle-images/6243946c2ed084401c3aa772_2022_03_30_01_21_16.png,C-SUV,"130 Cv,Acabado GT Line",1,True,5,OPPORTUNITY,1200.0
Hyundai,Kona,1.0 TGDI Klass,0.0,GAS,2018-01-01,50000.0,80000.0,120,MANUAL,Hyundai Kona,https://bipi-pro.s3.eu-west-1.amazonaws.com/specificvehicleplans/5e42d11b3e468d00a5172b73/vehicle-images/62457b20c40ad3585f35bc05_2022_03_31_11_57_52.png,B-SUV,"120 Cv,Blanco,Acabado Klass,4x2,5 Puertas",1,True,5,OPPORTUNITY,1000.0
Mercedes-Benz,Clase A,180d,0.0,DIESEL,2019-01-01,10000.0,30000.0,116,AUTOMATIC,Mercedes-Benz Clase A,https://bipi-pro.s3.eu-west-1.amazonaws.com/specificvehicleplans/619e6c42e7db7400889a8b17/vehicle-images/62667831f8e46fb19bb6e72d_2022_04_25_12_30_09.png,Compacto,,1,True,5,OPPORTUNITY,1950.0
Lexus,UX,2.0 250h,615.0,HYBRID,2022-01-01,0.0,0.0,184,AUTOMATIC,Lexus UX,https://bipi-pro.s3.eu-west-1.amazonaws.com/specificvehicleplans/5f6dc6cdeaa82900b344d16e/vehicle-images/624397ef2ed084401c3aaacd_2022_03_30_01_36_15.png,C-SUV,"120 Cv,5 Plazas,Manual,Diesel,Blanco Gris",1,True,5,NEW,2000.0
Fiat,500,Hybrid Dolcevita,329.0,HYBRID,2021-01-01,20000.0,50000.0,70,MANUAL,Fiat 500,https://bipi-pro.s3.eu-west-1.amazonaws.com/specificvehicleplans/615dade0843dbc008731ed0f/vehicle-images/624ac423f8445bc9beb8805b_2022_04_04_12_10_43.png,CityCar,,2,True,4,OPPORTUNITY,999.0
Peugeot,3008,1.5 BlueHDi GT Line,459.0,DIESEL,2018-01-01,30000.0,1100000.0,130,MANUAL,Peugeot 3008,https://bipi-pro.s3.eu-west-1.amazonaws.com/specificvehicleplans/60b8ae4d12c0270084627399/vehicle-images/6284d0a86578d0e93b48205b_2022_05_18_12_55_36.png,C-SUV,"130 Cv,Acabado GT Line",1,True,5,OPPORTUNITY,1499.0
Volkswagen,Golf,1.0 TSI Ready2Go,0.0,GAS,2018-01-01,20000.0,70000.0,110,MANUAL,Volkswagen Golf,https://bipi-pro.s3.eu-west-1.amazonaws.com/specificvehicleplans/602d024cbd6d9500a959954c/vehicle-images/624381d3f083c82b8ec79ad2_2022_03_30_00_01_55.png,Compacto,"115 Cv,5 Plazas,Manual,Diesel,Blanco,Seminuevo",1,True,5,OPPORTUNITY,998.0
Toyota,Yaris,Hybrid Business Plus,379.0,HYBRID,2022-01-01,0.0,0.0,116,AUTOMATIC,Toyota Yaris,https://bipi-pro.s3.eu-west-1.amazonaws.com/specificvehicleplans/61c0871cf14e0500881cd075/vehicle-images/624391dd227b6be55eb4462e_2022_03_30_01_10_21.png,Utilitario,,1,True,5,OPPORTUNITY,0.0
Ford,ECOSPORT,1.0T EcoBoost,369.0,GAS,2019-01-01,10000.0,40000.0,125,MANUAL,Ford ECOSPORT,https://bipi-pro.s3.eu-west-1.amazonaws.com/specificvehicleplans/649e96349a10132756269205/vehicle-images/649ec9ba50dac6212cb2f261_2023_06_30_14_25_30.png,B-SUV,,1,True,5,OPPORTUNITY,999.0
Fiat,500,1.2 Lounge 69CV,0.0,GAS,2018-01-01,20000.0,40000.0,69,MANUAL,Fiat 500,https://bipi-pro.s3.eu-west-1.amazonaws.com/specificvehicleplans/60a24becfb2bb0008dc6250c/vehicle-images/6246b5e60dc7c5c7de220ea4_2022_04_01_10_20_54.png,CityCar,,1,True,4,OPPORTUNITY,0.0
Mercedes-Benz,Clase A,200d,479.0,DIESEL,2019-01-01,20000.0,80000.0,150,AUTOMATIC,Mercedes-Benz Clase A,https://bipi-pro.s3.eu-west-1.amazonaws.com/specificvehicleplans/5f3a9f62c32b9500b03bb039/vehicle-images/6372311163b7258e53fb9339_2022_11_14_13_14_09.png,Compacto,,1,True,5,OPPORTUNITY,2000.0
Fiat,500,1.2 Lounge 69CV,299.0,GAS,2018-01-01,30000.0,100000.0,69,MANUAL,Fiat 500,https://bipi-pro.s3.eu-west-1.amazonaws.com/specificvehicleplans/60a24becfb2bb0008dc6250c/vehicle-images/6246b5e60dc7c5c7de220ea4_2022_04_01_10_20_54.png,CityCar,,1,True,4,OPPORTUNITY,0.0
Peugeot,208,1.2 Puretech Active,319.0,GAS,2018-01-01,20000.0,50000.0,82,MANUAL,Peugeot 208,https://bipi-pro.s3.eu-west-1.amazonaws.com/specificvehicleplans/6022938c017e1200aabb9d3c/vehicle-images/626674d19aedd5237f5bfab8_2022_04_25_12_15_45.png,Utilitario,"85Cv de potencia,Color disponible - Blanco",1,True,5,OPPORTUNITY,1200.0
Ford,Ecosport,1.0T EcoBoost,369.0,GAS,2019-01-01,10000.0,40000.0,125,MANUAL,Ford Ecosport,https://bipi-pro.s3.eu-west-1.amazonaws.com/specificvehicleplans/649e96349a10132756269205/vehicle-images/649ec9ba50dac6212cb2f261_2023_06_30_14_25_30.png,B-SUV,,1,True,5,OPPORTUNITY,999.0
Seat,Ibiza,1.6 TDI Reference,339.0,DIESEL,2019-01-01,0.0,0.0,80,MANUAL,Seat Ibiza,https://bipi-pro.s3.eu-west-1.amazonaws.com/specificvehicleplans/60bf2d492af5cb0085cc7fe0/vehicle-images/636297b3c6aecd51554ec4b9_2022_11_02_17_15_47.png,Utilitario,"115 Cv,5 Plazas,Manual,Diesel,Seminuevo",1,True,5,OPPORTUNITY,1598.0
Peugeot,3008,1.5 BlueHDi GT Line,469.0,DIESEL,2018-01-01,20000.0,60000.0,130,AUTOMATIC,Peugeot 3008,https://bipi-pro.s3.eu-west-1.amazonaws.com/specificvehicleplans/60b8ae4d12c0270084627399/vehicle-images/6284d0a86578d0e93b48205b_2022_05_18_12_55_36.png,C-SUV,"130 Cv,Acabado GT Line",1,True,5,OPPORTUNITY,1499.0
Lexus,UX,2.0 250h,539.0,HYBRID,2022-01-01,0.0,0.0,184,AUTOMATIC,Lexus UX,https://bipi-pro.s3.eu-west-1.amazonaws.com/specificvehicleplans/5f6dc6cdeaa82900b344d16e/vehicle-images/624397ef2ed084401c3aaacd_2022_03_30_01_36_15.png,C-SUV,"120 Cv,5 Plazas,Manual,Diesel,Blanco Gris",1,True,5,NEW,2000.0
Toyota,C-HR,2.0 180H Advance,569.0,HYBRID,2022-01-01,0.0,0.0,184,AUTOMATIC,Toyota C-HR,https://bipi-pro.s3.eu-west-1.amazonaws.com/specificvehicleplans/60eee7d7ea71240084a360e9/vehicle-images/624acd94a79868566107d857_2022_04_04_12_51_00.png,C-SUV,,1,True,5,NEW,1987.0
DS,DS7,BlueHDI Performance,629.0,DIESEL,2021-01-01,40000.0,70000.0,130,AUTOMATIC,DS DS7,https://bipi-pro.s3.eu-west-1.amazonaws.com/specificvehicleplans/627bc2267596821e31363b97/vehicle-images/627cc7d010718de8cd25c984_2022_05_12_10_39_44.png,D-SUV,,1,True,5,OPPORTUNITY,1199.0
Citroen,C3,1.2 Puretech Feel,329.0,GAS,2020-01-01,30000.0,50000.0,83,MANUAL,Citroen C3,https://bipi-pro.s3.eu-west-1.amazonaws.com/specificvehicleplans/62600ba4a699ebe154824b6a/vehicle-images/62600bc7aa6f8df6e77c3ec8_2022_04_20_15_33_59.png,Utilitario,,1,True,5,OPPORTUNITY,1200.0
Renault,Megane,E-Tech Equilibre,699.0,ELECTRIC,2023-01-01,0.0,0.0,220,AUTOMATIC,Renault Megane,https://bipi-pro.s3.eu-west-1.amazonaws.com/specificvehicleplans/6320a5c052c92cf5d9cf5d5d/vehicle-images/6374f928815f72aef60de225_2022_11_16_15_52_24.png,Compacto,,2,True,5,NEW,0.0
Peugeot,308,1.5 BlueHDi,349.0,DIESEL,2019-01-01,70000.0,100000.0,100,MANUAL,Peugeot 308,https://bipi-pro.s3.eu-west-1.amazonaws.com/specificvehicleplans/5e21888f48f6a400a1ddf4ac/vehicle-images/63e38272821871b37412f44a_2023_02_08_12_07_30.png,Compacto,"Diesel,120 Cv,5 Plazas,Manual,Blanco Gris Negro",1,True,5,OPPORTUNITY,1200.0
Cupra,Formentor,1.5 TSI,629.0,GAS,2022-01-01,0.0,0.0,150,MANUAL,Cupra Formentor,https://bipi-pro.s3.eu-west-1.amazonaws.com/specificvehicleplans/64259d9d13f6b57e88b25f3d/vehicle-images/6425a54e6df8378dd3bb8f93_2023_03_30_17_05_50.png,C-SUV,,2,True,5,NEW,1498.0
Mercedes-Benz,GLA,GLA 200d,569.0,DIESEL,2019-01-01,20000.0,50000.0,136,AUTOMATIC,Mercedes-Benz GLA,https://bipi-pro.s3.eu-west-1.amazonaws.com/specificvehicleplans/5f0c460052462700982c05d5/vehicle-images/62e23a5434709a481332c995_2022_07_28_09_27_16.png,C-SUV,,1,True,5,OPPORTUNITY,2000.0
Ford,Fiesta,1.1 Ti-VCT Trend+,359.0,GAS,2019-01-01,20000.0,60000.0,85,MANUAL,Ford Fiesta,https://bipi-pro.s3.eu-west-1.amazonaws.com/specificvehicleplans/6093f90d320cff0086bc58eb/vehicle-images/64830b11cdcd8a26abbebfab_2023_06_09_13_20_49.png,Utilitario,,1,True,5,OPPORTUNITY,1084.0
Audi,A1,30 TFSi S Line,455.0,GAS,2018-01-01,20000.0,100000.0,116,MANUAL,Audi A1,https://bipi-pro.s3.eu-west-1.amazonaws.com/specificvehicleplans/5e68ae05cb14fd00a938e543/vehicle-images/62437cfa594174a2ca6e8b1f_2022_03_29_23_41_14.png,Utilitario,"Gasolina,116 Cv,5 Plazas,Manual,S Line",1,True,5,OPPORTUNITY,1000.0
Ford,Kuga,2.0 EcoBlue ST-Line,659.0,DIESEL,2022-01-01,0.0,0.0,120,AUTOMATIC,Ford Kuga,https://bipi-pro.s3.eu-west-1.amazonaws.com/specificvehicleplans/64abd903bd27700df7440713/vehicle-images/64abd9c4b3461232929ef23a_2023_07_10_12_13_24.png,C-SUV,,1,True,5,NEW,2000.0
Volkswagen,Polo,1.0 TSI Advance,349.0,GAS,2019-01-01,0.0,0.0,80,MANUAL,Volkswagen Polo,https://bipi-pro.s3.eu-west-1.amazonaws.com/specificvehicleplans/5e382f916d530300ab832903/vehicle-images/62552a944d02cdb6c4e92ffc_2022_04_12_09_30_28.png,Utilitario,"95 Cv,5 puertas,Acabado Advance",1,True,5,OPPORTUNITY,1000.0
Renault,Clio,1.0 equilibre TCe,399.0,GAS,2022-01-01,0.0,0.0,90,MANUAL,Renault Clio,https://bipi-pro.s3.eu-west-1.amazonaws.com/specificvehicleplans/633c56a7142c188e52f7de49/vehicle-images/6351649e962a7e090f87ad4f_2022_10_20_17_09_18.png,Utilitario,"85Cv de potencia,Color disponible Blanco,Vehiculo hibrido de Gasolina y Gas",4,True,5,NEW,1000.0
Seat,Leon,1.6TDi ReferencePlus,359.0,DIESEL,2019-01-01,20000.0,40000.0,90,MANUAL,Seat Leon,https://bipi-pro.s3.eu-west-1.amazonaws.com/specificvehicleplans/6033a968c37ea000a54e2d27/vehicle-images/6363b75c41e1bcbaec95c75f_2022_11_03_13_43_08.png,Compacto,"115 Cv,5 Plazas,Manual,Diesel,Seminuevo",1,True,5,OPPORTUNITY,1600.0
Nissan,Qashqai,1.5 dCi N-Connecta,429.0,DIESEL,2018-01-01,20000.0,50000.0,115,MANUAL,Nissan Qashqai,https://bipi-pro.s3.eu-west-1.amazonaws.com/specificvehicleplans/5f3a56b7ae2c8000aa805225/vehicle-images/62501ff0c77d202aeed3ee64_2022_04_08_13_43_44.png,C-SUV,"130 Cv,5 Plazas,Manual,Diesel,Blanco",1,True,5,OPPORTUNITY,1500.0
Volkswagen,Passat,1.6 TDi Edition DSG,429.0,DIESEL,2019-01-01,50000.0,70000.0,120,AUTOMATIC,Volkswagen Passat,https://bipi-pro.s3.eu-west-1.amazonaws.com/specificvehicleplans/5e2ac211e61e1a00ad28053c/vehicle-images/63629f74c6aecd51554edd70_2022_11_02_17_48_52.png,Berlina,"150 Cv,5 Plazas,Manual,Diesel,Negro",1,True,5,OPPORTUNITY,1600.0
Opel,Mokka,1.5D GS Line,449.0,DIESEL,2022-01-01,0.0,0.0,110,MANUAL,Opel Mokka,https://bipi-pro.s3.eu-west-1.amazonaws.com/specificvehicleplans/6169533d5e174e008672e2bb/vehicle-images/6283c2b7ae256f658743c266_2022_05_17_17_43_51.png,B-SUV,,1,True,5,OPPORTUNITY,1499.0
Fiat,500,Hybrid Dolcevita,355.0,HYBRID,2021-01-01,20000.0,50000.0,70,MANUAL,Fiat 500,https://bipi-pro.s3.eu-west-1.amazonaws.com/specificvehicleplans/615dade0843dbc008731ed0f/vehicle-images/624ac423f8445bc9beb8805b_2022_04_04_12_10_43.png,CityCar,,2,True,4,OPPORTUNITY,999.0
BMW,X2,xDrive25e,559.0,HYBRID,2021-01-01,10000.0,30000.0,220,AUTOMATIC,BMW X2,https://bipi-pro.s3.eu-west-1.amazonaws.com/specificvehicleplans/60a273c8d988e1008d1dcf68/vehicle-images/62439c262ed084401c3aae3a_2022_03_30_01_54_14.png,C-SUV,,1,True,5,OPPORTUNITY,1499.0
Kia,Xceed,1.6 edrive PHEV,559.0,HYBRID,2023-01-01,0.0,0.0,141,AUTOMATIC,Kia Xceed,https://bipi-pro.s3.eu-west-1.amazonaws.com/specificvehicleplans/6422cb3253f7b724c6617840/vehicle-images/6422d08bcaf62ad4c1b22df5_2023_03_28_13_33_31.png,C-SUV,,1,True,5,NEW,0.0
Alfa Romeo,Stelvio,2.2 Executive,629.0,DIESEL,2018-01-01,0.0,0.0,180,AUTOMATIC,Alfa Romeo Stelvio,https://bipi-pro.s3.eu-west-1.amazonaws.com/specificvehicleplans/5ee7651c5f5120009d6fd247/vehicle-images/6271010513aee19f9212e564_2022_05_03_12_16_37.png,D-SUV,,1,True,5,OPPORTUNITY,2143.0
Kia,Niro,1.6 HEV Drive,499.0,HYBRID,2021-01-01,20000.0,50000.0,141,AUTOMATIC,Kia Niro,https://bipi-pro.s3.eu-west-1.amazonaws.com/specificvehicleplans/62cc0fb0ccc7099ce70886f7/vehicle-images/6433ce94a023f3fe509d01dd_2023_04_10_10_53_40.png,C-SUV,"Diesel,144 Cv,5 Plazas,Automatico,Rojo Blanco",1,True,5,OPPORTUNITY,1580.0
Citroen,Berlingo,BlueHDi,289.0,DIESEL,2018-01-01,90000.0,25000.0,75,MANUAL,Citroen Berlingo,https://bipi-pro.s3.eu-west-1.amazonaws.com/specificvehicleplans/608a5a54e19d910099286607/vehicle-images/64afee337534d41795a05055_2023_07_13_14_29_39.png,Furgon,,1,True,2,OPPORTUNITY,1560.0
Kia,Stonic,1.0 T-GDi MHEV,419.0,HYBRID,2022-01-01,0.0,0.0,100,MANUAL,Kia Stonic,https://bipi-pro.s3.eu-west-1.amazonaws.com/specificvehicleplans/624d85318f6d15df5a99f139/vehicle-images/624d873cca9e58bc8d32eff7_2022_04_06_14_27_40.png,B-SUV,,1,True,5,NEW,1000.0
Citroen,C3 Aircross,BlueHDi  Feel,439.0,DIESEL,2022-01-01,0.0,0.0,110,MANUAL,Citroen C3 Aircross,https://bipi-pro.s3.eu-west-1.amazonaws.com/specificvehicleplans/609be52dc091090099ea56b0/vehicle-images/634423ed1242456f484b7cf1_2022_10_10_15_53_49.png,B-SUV,,1,True,5,OPPORTUNITY,1560.0
Mercedes-Benz,Clase B,180d Advantage,519.0,DIESEL,2018-01-01,30000.0,100000.0,116,AUTOMATIC,Mercedes-Benz Clase B,https://bipi-pro.s3.eu-west-1.amazonaws.com/specificvehicleplans/626aa2ecf42154ec4ec15cd7/vehicle-images/626ab23f8cbe6986ad6a08d0_2022_04_28_17_26_55.png,Monovolumen,,1,True,5,OPPORTUNITY,1461.0
Hyundai,Tucson,1.6 CRDi,469.0,DIESEL,2019-01-01,40000.0,100000.0,116,MANUAL,Hyundai Tucson,https://bipi-pro.s3.eu-west-1.amazonaws.com/specificvehicleplans/62011dee1fba0b008d1b9b47/vehicle-images/6290aa845200473c1b6a56d1_2022_05_27_12_40_04.png,C-SUV,,1,True,5,OPPORTUNITY,1600.0
Citroen,C4,BlueHD Feel Pack,479.0,DIESEL,2022-01-01,30000.0,60000.0,130,AUTOMATIC,Citroen C4,https://bipi-pro.s3.eu-west-1.amazonaws.com/specificvehicleplans/60ec130fda9768008a1326c2/vehicle-images/626147160d7d572a07fba230_2022_04_21_13_59_18.png,Compacto,"Gasolina,85 Cv,5 Plazas,Manual",1,True,5,OPPORTUNITY,1500.0
Peugeot,5008,1.5 BlueHDi GT,579.0,DIESEL,2022-01-01,10000.0,30000.0,130,AUTOMATIC,Peugeot 5008,https://bipi-pro.s3.eu-west-1.amazonaws.com/specificvehicleplans/6113c67b5542c80084b953bc/vehicle-images/63284da3d534c9ab0abec717_2022_09_19_13_08_19.png,D-SUV,,1,True,7,OPPORTUNITY,1500.0
Peugeot,2008,1.2L PureTech Style,449.0,GAS,2018-01-01,10000.0,30000.0,82,MANUAL,Peugeot 2008,https://bipi-pro.s3.eu-west-1.amazonaws.com/specificvehicleplans/6437d1b589f31aed0ea3bda6/vehicle-images/6437d40e89f31aed0ea454f1_2023_04_13_12_06_06.png,B-SUV,,1,True,5,OPPORTUNITY,1199.0
Kia,Niro,1.6 GDi HEV Concept,529.0,HYBRID,2022-01-01,0.0,0.0,141,AUTOMATIC,Kia Niro,https://bipi-pro.s3.eu-west-1.amazonaws.com/specificvehicleplans/6083b31ee2d6670094a919bc/vehicle-images/63e39af75bc0945f76eaf063_2023_02_08_13_52_07.png,C-SUV,"Diesel,144 Cv,5 Plazas,Automatico,Rojo Blanco",2,True,5,NEW,1580.0
Kia,Sportage,1.6 T-GDI MHEV,569.0,HYBRID,2023-01-01,0.0,0.0,150,MANUAL,Kia Sportage,https://bipi-pro.s3.eu-west-1.amazonaws.com/specificvehicleplans/645dfece9dc8a2f0198699f2/vehicle-images/645e011e6c9fb8f2c4fa486f_2023_05_12_11_04_30.png,C-SUV,"Diesel,5 Plazas",1,True,5,NEW,1598.0
DS,DS3 Crossback,Performance Line,499.0,GAS,2022-01-01,10000.0,20000.0,100,MANUAL,DS DS3 Crossback,https://bipi-pro.s3.eu-west-1.amazonaws.com/specificvehicleplans/64918f2c86626c181459e605/vehicle-images/64918fb486626c18145a3831_2023_06_20_13_38_28.png,C-SUV,,1,True,5,OPPORTUNITY,1199.0
BMW,Serie 4,Gran Coupe 418d,569.0,DIESEL,2019-01-01,60000.0,100000.0,150,AUTOMATIC,BMW Serie 4,https://bipi-pro.s3.eu-west-1.amazonaws.com/specificvehicleplans/6267c706d353b1c0bf2df713/vehicle-images/627e3ced8d2d684258611470_2022_05_13_13_11_41.png,Berlina,,1,True,5,OPPORTUNITY,1995.0
Seat,Ateca,1.5 TSI Style,449.0,GAS,2019-01-01,20000.0,50000.0,150,AUTOMATIC,Seat Ateca,https://bipi-pro.s3.eu-west-1.amazonaws.com/specificvehicleplans/6102814b01f4270086d1c298/vehicle-images/62d7d0a255cecef31c805069_2022_07_20_11_53_38.png,C-SUV,"Style Plus Nav,115 Cv",1,True,5,OPPORTUNITY,1498.0
Peugeot,3008,1.5 BlueHDi,499.0,DIESEL,2020-01-01,20000.0,40000.0,130,MANUAL,Peugeot 3008,https://bipi-pro.s3.eu-west-1.amazonaws.com/specificvehicleplans/63b4546304a86036a639bb80/vehicle-images/63b4551f04a86036a639bdf3_2023_01_03_17_17_35.png,C-SUV,"130 Cv,Acabado GT Line",2,True,5,OPPORTUNITY,1200.0
Ford,Focus,1.5 Ecoblue Trend,399.0,DIESEL,2018-01-01,0.0,0.0,120,MANUAL,Ford Focus,https://bipi-pro.s3.eu-west-1.amazonaws.com/specificvehicleplans/6463a57ba406d5604229f34f/vehicle-images/64648c51f4fdcf10194fac3d_2023_05_17_10_12_01.png,Compacto,"120 Cv,5 Plazas,Manual,Diesel,Blanco,Seminuevo",1,True,5,OPPORTUNITY,1500.0
Renault,Kangoo,Profesinal M1-AF En.,359.0,DIESEL,2018-01-01,30000.0,85000.0,75,MANUAL,Renault Kangoo,https://bipi-pro.s3.eu-west-1.amazonaws.com/specificvehicleplans/607da8fa00b37e009422eceb/vehicle-images/62d7caef6ffdbf48e29397dd_2022_07_20_11_29_19.png,Furgoneta mixta,"Diesel,75 Cv,2 Plazas,3 puertas",1,True,5,OPPORTUNITY,1461.0
Volkswagen,T-Roc,2.0 TDI Advance DSG,499.0,DIESEL,2019-01-01,30000.0,80000.0,150,AUTOMATIC,Volkswagen T-Roc,https://bipi-pro.s3.eu-west-1.amazonaws.com/specificvehicleplans/60a26e12a9e879008cd9160b/vehicle-images/6253f1cf7a78080cc4f0eca8_2022_04_11_11_15_59.png,Utilitario,,1,True,5,OPPORTUNITY,2000.0
Mitsubishi,Eclipse Cross,150T Kaiteki CVT 4WD,499.0,GAS,2019-01-01,30000.0,60000.0,163,AUTOMATIC,Mitsubishi Eclipse Cross,https://bipi-pro.s3.eu-west-1.amazonaws.com/specificvehicleplans/625544a960f3ac03fcbf6082/vehicle-images/625544b68534916ce06d928b_2022_04_12_11_21_58.png,C-SUV,,1,True,5,OPPORTUNITY,1499.0
Mercedes-Benz,Clase A,180d,565.0,DIESEL,2019-01-01,10000.0,30000.0,116,AUTOMATIC,Mercedes-Benz Clase A,https://bipi-pro.s3.eu-west-1.amazonaws.com/specificvehicleplans/619e6c42e7db7400889a8b17/vehicle-images/62667831f8e46fb19bb6e72d_2022_04_25_12_30_09.png,Compacto,,1,True,5,OPPORTUNITY,1950.0
Dacia,Spring,sharing one electric,395.0,ELECTRIC,2021-01-01,0.0,0.0,45,AUTOMATIC,Dacia Spring,https://bipi-pro.s3.eu-west-1.amazonaws.com/specificvehicleplans/616851bc565f4e0086c4fdcc/vehicle-images/6244289c84668b6a1f166d40_2022_03_30_11_53_32.png,A-SUV,,1,True,4,OPPORTUNITY,0.0
Audi,A3,30 TFSI Design,439.0,GAS,2018-01-01,20000.0,50000.0,150,MANUAL,Audi A3,https://bipi-pro.s3.eu-west-1.amazonaws.com/specificvehicleplans/61c1fd1daa1565008a939958/vehicle-images/6256dd1a706fec6216f844c7_2022_04_13_16_24_26.png,Compacto,"Gasolina,116 Cv,5 Plazas,Manual,S Line",1,True,5,OPPORTUNITY,1598.0
Nissan,Micra,1.0 IG-T Acenta,369.0,GAS,2019-01-01,10000.0,70000.0,100,MANUAL,Nissan Micra,https://bipi-pro.s3.eu-west-1.amazonaws.com/specificvehicleplans/5fd0de70c3c97a00a35658f2/vehicle-images/62a74a60593f1e57d070e370_2022_06_13_16_32_00.png,Utilitario,"Acabado Acenta,Disponible en gasolina o diesel,85Cv de potencia,Colores disponibles Gris - Naranja",1,True,5,OPPORTUNITY,1000.0
Lexus,NX,2.5 300h Business,599.0,HYBRID,2019-01-01,60000.0,90000.0,197,AUTOMATIC,Lexus NX,https://bipi-pro.s3.eu-west-1.amazonaws.com/specificvehicleplans/6061ce823b3eec009a855184/vehicle-images/63be8f9476c03336cc760bad_2023_01_11_11_29_40.png,D-SUV,"120 Cv,5 Plazas,Manual,Diesel,Blanco Gris",1,True,5,OPPORTUNITY,2500.0
