Marca;Modelo;Version;Kms;Potencia;Año;Combustible;Cambio;Precio;Distribuidor
NISSAN;JUKE;NISSAN JUKE G E6DTemp 83 kW112 CV 5MT NCONNECTA 5p.;13850.0;112.0;2019.0;Gasolina;Manual;12500;Fergil | Automotor10 | Grupo Angal
FORD;Fiesta;FORD Fiesta 1.0 EcoBoost 92kW STLine SS 5p 5p.;18000.0;125.0;2018.0;Gasolina;Manual;12500;d6085c51815369ed637d37eabbff831c
PEUGEOT;208;PEUGEOT 208 5P Tech Edit. PureTech 81KW 110CV SS 5p.;14426.0;110.0;2019.0;Gasolina;Manual;12500;OK Cars
DACIA;Duster;DACIA Duster Comfort 1.6 85kW 115CV 4X2 5p.;5440.0;115.0;2019.0;Gasolina;Manual;12900;Crestanevada S.L
FORD;Focus;FORD Focus 1.0 Ecoboost SS 92kW 125CV STLine 5p.;9500.0;125.0;2018.0;Gasolina;Manual;12950;e052450f29b2e0e9a53fd4eb389e25a9
OPEL;Crossland X;OPEL Crossland X 1.2 81kW 110CV Edition SS 5p.;9000.0;110.0;2019.0;Gasolina;Manual;12990;Best Selling Cars
NISSAN;JUKE;NISSAN JUKE G 83kW 112CV CVT 4x2 Ultimate Edition 5p.;19000.0;112.0;2019.0;Gasolina;Automático;12990;Autos Roso
CITROEN;C3;CITROEN C3 PureTech 81KW 110CV SS FEEL EAT6 5p.;14553.0;110.0;2019.0;Gasolina;Automático;13000;OK Cars
SEAT;Ibiza;SEAT Ibiza 1.0 EcoTSI 85kW 115CV Style Plus 5p.;18168.0;115.0;2019.0;Gasolina;Manual;13399;Autohero
CITROEN;C4 Cactus;CITROEN C4 Cactus PureTech 81KW 110CV SS Feel 5p.;11074.0;110.0;2019.0;Gasolina;Manual;13490;CITROEN Barbera,Manresa,Terrassa,Igualada,SBD...
RENAULT;Mégane;RENAULT Megane Limited TCe GPF 85 kW 115CV 5p.;13933.0;115.0;2019.0;Gasolina;Manual;13490;Clicars
VOLKSWAGEN;Golf;VOLKSWAGEN Golf Sport 1.0 TSI 85kW 115CV DSG 5p.;10000.0;115.0;2018.0;Gasolina;Automático;13490;Fontasur Sl
TOYOTA;Corolla;TOYOTA Corolla 1.8 125H ACTIVE ECVT 5p.;4000.0;122.0;2019.0;Híbrido;Manual;13490;Autos Roso
CITROEN;C4 Cactus;CITROEN C4 Cactus PureTech 81KW 110CV SS Feel 5p.;15111.0;110.0;2018.0;Gasolina;Manual;13490;Interfren Citroen Figueres
TOYOTA;Yaris;TOYOTA Yaris 1.5 110 Active Tech 5p.;12347.0;111.0;2019.0;Gasolina;Manual;13500;Grupo Montalt
RENAULT;Mégane;RENAULT Mégane Limited TCe 85 kW 115CV GPF SS 5p.;10500.0;115.0;2019.0;Gasolina;Manual;13500;6ad0b0e0cf4a57e04f7b6bc3073bc59e
SEAT;Ibiza;SEAT Ibiza 1.0 EcoTSI 85kW 115CV FR Plus 5p.;16100.0;115.0;2018.0;Gasolina;Manual;13500;529f9db80f0933695cc20fff6f675205
TOYOTA;Yaris;TOYOTA Yaris 1.5 110 Active Tech 5p.;0.0;111.0;2019.0;Gasolina;Manual;13500;Grupo Montalt Mundicar
SKODA;Fabia;SKODA Fabia 1.0 TSI 81KW 110cv Style 5p.;12000.0;110.0;2018.0;Gasolina;Manual;13690;Autodalser-Dalmau, S.L.
HYUNDAI;ix20;HYUNDAI ix20 1.6 MPI Tecno 5p.;7800.0;126.0;2019.0;Gasolina;Manual;13700;Control Motor Serveis Automobilistics
NISSAN;JUKE;NISSAN JUKE G E6DTemp 83 kW 112 CV 5MT ACENTA 5p.;18492.0;112.0;2018.0;Gasolina;Manual;13730;Yamovil
PEUGEOT;208;PEUGEOT 208 5P Signature PureTech 81KW 110CV EAT6 5p.;3334.0;110.0;2018.0;Gasolina;Automático;13800;Ocasion Plus
NISSAN;JUKE;NISSAN JUKE G E6DTemp 83 kW 112 CV 5MT ACENTA 5p.;17844.0;112.0;2019.0;Gasolina;Manual;13890;Clicars
NISSAN;JUKE;NISSAN JUKE G E6DTemp 83 kW 112 CV 5MT ACENTA 5p.;19000.0;112.0;2018.0;Gasolina;Manual;13890;Gabry Motor
SKODA;Fabia;SKODA Fabia 1.0 TSI 81KW 110cv Ambition Plus 5p.;169.0;110.0;2020.0;Gasolina;Manual;13890;Sarsa Seat/ Skoda
SUZUKI;Swift;SUZUKI Swift 1.0 GLE 5p.;2000.0;111.0;2019.0;Gasolina;Manual;13890;Asimco Suzuki
VOLKSWAGEN;Polo;VOLKSWAGEN Polo Sport 1.0 TSI 85kW 115CV 5p.;10955.0;115.0;2019.0;Gasolina;Manual;13900;Domingo Alonso Gran Canaria - Das WeltAuto
NISSAN;JUKE;NISSAN JUKE G E6DTemp 83 kW 112 CV 5MT ACENTA 5p.;16714.0;112.0;2019.0;Gasolina;Manual;13900;Antamotor
NISSAN;JUKE;NISSAN JUKE G E6DTemp 83 kW 112 CV 5MT ACENTA 5p.;9719.0;112.0;2019.0;Gasolina;Manual;13900;Gyata
SEAT;Ibiza;SEAT Ibiza 1.0 EcoTSI 85kW 115CV Style 5p.;7000.0;115.0;2019.0;Gasolina;Manual;13900;Autos Aragon
PEUGEOT;308;PEUGEOT 308 SW Active 1.2 PureTech 96KW 130CV SS 5p.;14838.0;130.0;2018.0;Gasolina;Manual;13900;PSA Retail Palma - Aragó
NISSAN;JUKE;NISSAN JUKE G E6DTemp 83 kW 112 CV 5MT ACENTA 5p.;9371.0;112.0;2019.0;Gasolina;Manual;13900;Gyata
NISSAN;JUKE;NISSAN JUKE G E6DTemp 83 kW 112 CV 5MT ACENTA 5p.;11195.0;112.0;2020.0;Gasolina;Manual;13900;Restrenacar
NISSAN;JUKE;NISSAN JUKE G E6DTemp 83 kW 112 CV 5MT ACENTA 5p.;12898.0;112.0;2019.0;Gasolina;Manual;13900;NISSAN ALMENAR
CITROEN;C3;CITROEN C3 PureTech 81KW 110CV SS SHINE 5p.;17600.0;110.0;2019.0;Gasolina;Manual;13900;PSA Retail Barcelona - Guipuzcoa
PEUGEOT;2008;PEUGEOT 2008 Allure 1.2 PureTech 81KW 110CV SS 5p.;10075.0;110.0;2018.0;Gasolina;Manual;13950;Automóviles Coll
CITROEN;C3;CITROEN C3 PureTech 81KW 110CV SS SHINE 5p.;0.0;110.0;2020.0;Gasolina;Manual;13990;Clicars
RENAULT;Grand Kangoo Combi;RENAULT Grand Kangoo Combi M1AF 7p Energy dCi 81kW 110CV Euro 6;6000.0;110.0;2019.0;Diésel;Manual;13990;VGR MOTOR
SKODA;Octavia;SKODA Octavia 1.0 TSI 85KW 115CV Ambition 5p.;7591.0;115.0;2019.0;Gasolina;Manual;13990;Ams Conde
NISSAN;JUKE;NISSAN JUKE G E6DTemp 83 kW112 CV 5MT NCONNECTA 5p.;6800.0;112.0;2019.0;Gasolina;Manual;13995;Armas Motor Sl
TOYOTA;Yaris;1.5 Dual VVT-iE Active;15935.0;110.0;2019.0;Gasolina;Manual;13999;Autohero.com
PEUGEOT;208;PEUGEOT 208 5P GTLine 1.2L PureTech 81KW 110CVSS 5p.;8039.0;110.0;2019.0;Gasolina;Automático;14000;Ok Cars
PEUGEOT;208;PEUGEOT 208 5P GTLine 1.2L PureTech 81KW 110CVSS 5p.;8848.0;110.0;2019.0;Gasolina;Automático;14000;OK Cars
PEUGEOT;208;PEUGEOT 208 5P GTLine 1.2L PureTech 81KW 110CVSS 5p.;13957.0;110.0;2019.0;Gasolina;Automático;14000;Ok Cars
CITROEN;C4 Cactus;CITROEN C4 Cactus PureTech 110 SS Feel 5p.;11427.0;110.0;2020.0;Gasolina;Manual;14100;PSA RETAIL A CORUÑA
SEAT;León;SEAT Leon ST 1.6 TDI 85kW 115CV StSp Style 5p.;11212.0;115.0;2019.0;Diésel;Manual;14250;Ok Cars
SEAT;León;SEAT Leon ST 1.6 TDI 85kW 115CV StSp Style 5p.;15323.0;115.0;2019.0;Diésel;Manual;14250;Ok Cars
SEAT;León;SEAT Leon ST 1.6 TDI 85kW 115CV StSp Style 5p.;9699.0;115.0;2019.0;Diésel;Manual;14250;OK Cars
SEAT;León;SEAT Leon ST 1.6 TDI 85kW 115CV StSp Style 5p.;10064.0;115.0;2019.0;Diésel;Manual;14250;Ok Cars
CITROEN;C4 Cactus;CITROEN C4 Cactus PureTech 110 SS Feel 5p.;0.0;110.0;2020.0;Gasolina;Manual;14290;Clicars
CITROEN;C3;CITROEN C3 PureTech 81KW 110CV SS SHINE 5p.;14921.0;110.0;2020.0;Gasolina;Manual;14300;Sansemovil
CITROEN;C4 Cactus;CITROEN C4 Cactus PureTech 110 SS Feel 5p.;15587.0;110.0;2020.0;Gasolina;Manual;14300;Mosancar
KIA;Venga;KIA Venga 1.6 CRDi VGT 85kW 115CV Tech 5p.;16000.0;115.0;2018.0;Diésel;Manual;14350;Ulsan Motor
CITROEN;C4 Cactus;CITROEN C4 Cactus PureTech 110 SS Feel 5p.;0.0;110.0;2020.0;Gasolina;Manual;14390;Clicars
RENAULT;Mégane;RENAULT Megane Limited Blue dCi 85 kW 115CV 5p.;0.0;115.0;2019.0;Diésel;Manual;14390;Clicars
FIAT;Doblò Cargo;FIAT Doblo Cargo Cargo Base 1.4 TJet 88kW Natu Power CNG;1.0;120.0;2019.0;Gas natural;Manual;14390;Fiat Seminuevos
CITROEN;C3;CITROEN C3 PureTech 81KW 110CV SS SHINE 5p.;4825.0;110.0;2020.0;Gasolina;Manual;14390;PSA Retail Barcelona - Sant Boi
CITROEN;C4 Cactus;CITROEN C4 Cactus PureTech 110 SS Origins 5p.;14000.0;110.0;2020.0;Gasolina;Manual;14400;Automocion Alcala
RENAULT;Clio;RENAULT Clio Zen Energy TCe 87kW 120CV EDC 5p.;14000.0;120.0;2018.0;Gasolina;Automático;14490;LG Automocion
NISSAN;JUKE;NISSAN JUKE G E6DTemp 83 kW 112 CV 5MT ACENTA 5p.;18347.0;112.0;2019.0;Gasolina;Manual;14490;Nissan Reus (Concesionario Oficial)
SSANGYONG;Tivoli;SSANGYONG Tivoli G16 Limited 4x2 5p.;16100.0;128.0;2018.0;Gasolina;Manual;14500;Comercial Framay
CITROEN;C3;CITROEN C3 PureTech 81KW 110CV SS SHINE EAT6 5p.;10333.0;110.0;2020.0;Gasolina;Automático;14590;Clicars
FIAT;Tipo;FIAT Tipo 1.4 TJet 16v 88kW 120CV SDesign 5p.;9000.0;120.0;2018.0;Gasolina;Manual;14590;Conquecoche.com
HYUNDAI;i30;HYUNDAI i30 1.0 TGDI Klass 5p.;4700.0;120.0;2020.0;Gasolina;Manual;14599;Autohero
DACIA;Duster;DACIA Duster Comfort 1.6 85kW 115CV 4X2 5p.;6719.0;115.0;2019.0;Gasolina;Manual;14690;Málaga Ocasión
CITROEN;C3;CITROEN C3 PureTech 81KW 110CV SS SHINE EAT6 5p.;11333.0;110.0;2020.0;Gasolina;Automático;14690;Clicars
DACIA;Duster;DACIA Duster Prestige Bl. dCi 85kW115CV 4X4 5p.;12100.0;115.0;2019.0;Diésel;Manual;14700;2344521e389d6897ae7af9abf16e7ccc
FORD;Fiesta;FORD Fiesta 1.0 EcoBoost 92kW STLine SS 5p 5p.;16628.0;125.0;2019.0;Gasolina;Manual;14700;Click Autos
FORD;Focus;FORD Focus 1.0 Ecoboost 92kW STLine 5p.;18574.0;125.0;2018.0;Gasolina;Manual;14700;Almoauto
CITROEN;C4 Cactus;CITROEN C4 Cactus PureTech 110 SS Feel 5p.;12453.0;110.0;2019.0;Gasolina;Manual;14750;CITROEN Barbera,Manresa,Terrassa,Igualada,SBD...
CITROEN;C3;CITROEN C3 PureTech 81KW 110CV SS SHINE EAT6 5p.;0.0;110.0;2020.0;Gasolina;Automático;14790;Clicars
CITROEN;C3;CITROEN C3 PureTech 81KW 110CV SS SHINE 5p.;16000.0;110.0;2019.0;Gasolina;Manual;14895;Citroen Viuda de Terry
SKODA;Fabia;SKODA Fabia 1.0 TSI 81KW 110cv Monte Carlo 5p.;5791.0;110.0;2019.0;Gasolina;Automático;14899;Autohero
SEAT;León;SEAT Leon 1.0 EcoTSI 85kW StSp Style Visio Edit 5p.;10719.0;115.0;2019.0;Gasolina;Manual;14900;Automóviles 3Darc
PEUGEOT;308;PEUGEOT 308 5p Allure 1.2 PureTech 96KW 130CV 5p.;8185.0;130.0;2018.0;Gasolina;Manual;14900;Ocasion Plus Getafe
KIA;Ceed Tourer;KIA Ceed Tourer Tourer 1.0 TGDi 88kW 120CV Concept 5p.;16200.0;120.0;2019.0;Gasolina;Manual;14900;Eleckai Motor
HYUNDAI;Kona;HYUNDAI Kona 1.0 TGDi Essence 4x2 5p.;6667.0;120.0;2019.0;Gasolina;Manual;14900;Carza Ocasión
NISSAN;JUKE;NISSAN JUKE G E6DTemp 83 kW112 CV 5MT NCONNECTA 5p.;18259.0;112.0;2019.0;Gasolina;Manual;14900;NISSAN ALMENAR
SEAT;León;SEAT Leon 1.2 TSI 81kW 110CV StSp Style Visio 5p.;15074.0;110.0;2018.0;Gasolina;Manual;14900;Yamovil
NISSAN;JUKE;NISSAN JUKE G E6DTemp 83 kW112 CV 5MT NCONNECTA 5p.;12800.0;112.0;2019.0;Gasolina;Manual;14900;Arvesa
CITROEN;C3 Aircross;CITROEN C3 Aircross PureTech 81kW 110CV SS FEEL 5p.;17841.0;110.0;2018.0;Gasolina;Manual;14900;GRUP ANDREU
SKODA;Octavia;SKODA Octavia 1.0 TSI 85KW 115CV Ambition 5p.;8451.0;115.0;2019.0;Gasolina;Manual;14900;Málaga Ocasión
SUZUKI;SCross;SUZUKI SCross 1.0 DITC GLX 5p.;17000.0;111.0;2019.0;Gasolina;Manual;14980;Ocasion Auto
PEUGEOT;208;PEUGEOT 208 5P GTLine 1.2L PT EAT6 81KW 110CV SS 5p.;18911.0;110.0;2019.0;Gasolina;Automático;14985;REKORD MOTOR
PEUGEOT;208;PEUGEOT 208 5P GTLine 1.2L PT EAT6 81KW 110CV SS 5p.;18854.0;110.0;2019.0;Gasolina;Automático;14985;REKORD MOTOR
SEAT;Arona;SEAT Arona 1.0 TSI 85kW 115CV Style Ecomotive 5p.;17437.0;115.0;2019.0;Gasolina;Manual;14990;Das Weltauto Gil Automocion
CITROEN;C4 Cactus;CITROEN C4 Cactus PureTech 110 SS Feel 5p.;15.0;110.0;2019.0;Gasolina;Manual;14990;Auto Girona
SUZUKI;SCross;SUZUKI SCross 1.0 DITC GLX 5p.;19000.0;111.0;2019.0;Gasolina;Manual;14990;Autos Roso
PEUGEOT;308;PEUGEOT 308 5p Style 1.2 PureTech 81KW 110CV 5p.;0.0;110.0;2020.0;Gasolina;Manual;14990;Clicars
SUZUKI;SCross;SUZUKI SCross 1.0 DITC GLX 5p.;19000.0;111.0;2019.0;Gasolina;Manual;14990;Gestican Automoviles
CITROEN;C4 Cactus;CITROEN C4 Cactus PureTech 110 SS Feel 5p.;16359.0;110.0;2019.0;Gasolina;Manual;14990;Urkiola Motor
CITROEN;C4 Cactus;CITROEN C4 Cactus PureTech 110 SS Feel 5p.;10.0;110.0;2019.0;Gasolina;Manual;14990;Automotor RAM
RENAULT;Mégane;RENAULT Megane Limited Blue dCi 85 kW 115CV 5p.;11689.0;115.0;2019.0;Diésel;Manual;14990;Renault Retail Group
CITROEN;C3 Aircross;CITROEN C3 Aircross PureTech 81kW 110CV SS FEEL 5p.;0.0;110.0;2020.0;Gasolina;Manual;14990;Clicars
CITROEN;C3;CITROEN C3 PureTech 81KW 110CV SS SHINE EAT6 5p.;0.0;110.0;2020.0;Gasolina;Automático;14990;Clicars
PEUGEOT;2008;PEUGEOT 2008 Allure 1.2 PureTech 96KW 130CV 5p.;16244.0;130.0;2019.0;Gasolina;Manual;14990;OK Cars
VOLKSWAGEN;Golf;VOLKSWAGEN Golf Advance 1.0 TSI 85kW 115CV 5p.;19000.0;115.0;2018.0;Gasolina;Manual;14990;Autos Roso
SUZUKI;SCross;SUZUKI SCross 1.0 DITC GLX 5p.;19000.0;111.0;2019.0;Gasolina;Manual;14999;Autos Ponce
CITROEN;C 3;1.2 e-THP Feel;12650.0;110.0;2019.0;Gasolina;Manual;14999;Autohero.com
CITROEN;C4 Cactus;CITROEN C4 Cactus PureTech 130 SS EAT6 Shine Pack 5p.;11000.0;130.0;2020.0;Gasolina;Automático;15000;ab02fceb9689114b1cd1844e456c0695
PEUGEOT;Partner;PEUGEOT Partner Premium Standard 600kg PureTech 81kW;5.0;110.0;2020.0;Gasolina;Manual;15000;Garbu Motor
PEUGEOT;2008;PEUGEOT 2008 Allure 1.2 PureTech 81KW 110CVSS EAT6 5p.;12544.0;110.0;2018.0;Gasolina;Manual;15000;GRUPO DIMOLK
HYUNDAI;i30;HYUNDAI i30 1.0 TGDI Essence IM 0 5p.;15.0;120.0;2020.0;Gasolina;Manual;15000;HYUNDMAR
CITROEN;C4 Cactus;CITROEN C4 Cactus PureTech 110 SS Feel 5p.;3011.0;110.0;2020.0;Gasolina;Manual;15100;Citroën Grupo Marcos - VO
CITROEN;C4 Cactus;CITROEN C4 Cactus PureTech 110 SS Feel 5p.;8753.0;110.0;2020.0;Gasolina;Manual;15100;Citroën Grupo Marcos - VO
CITROEN;C3;CITROEN C3 PureTech 81KW 110CV SS SHINE 5p.;15395.0;110.0;2019.0;Gasolina;Manual;15100;PSA Retail Valencia - Tres Cruces
CITROEN;C3 Aircross;CITROEN C3 Aircross PureTech 81kW 110CV SS FEEL 5p.;0.0;110.0;2020.0;Gasolina;Manual;15190;Clicars
TOYOTA;Yaris;TOYOTA Yaris 1.5 125 SEdition 5p.;4.0;125.0;2020.0;Gasolina;Automático;15200;Toyota Kuruma Madrid
CITROEN;C3;CITROEN C3 PureTech 60KW 83CV Feel Pack 5p.;0.0;110.0;2020.0;Gasolina;Manual;15250;Jp Carrion
SEAT;Toledo;SEAT Toledo 1.0 TSI 81kW SS XCELLENCE EDITION 5p.;15000.0;110.0;2018.0;Gasolina;Manual;15290;Flexicar Vizcaya
PEUGEOT;308;PEUGEOT 308 SW Active 1.5 BlueHDi 96KW 130CV 5p.;17551.0;130.0;2018.0;Diésel;Manual;15300;Ocasion Plus
SEAT;León;SEAT Leon ST 1.0 TSI 85kW StSp Style 5p.;14476.0;115.0;2019.0;Gasolina;Manual;15300;Galdakauto
KIA;Stonic;KIA Stonic 1.0 TGDi 88kW 120CV Drive 5p.;13094.0;120.0;2018.0;Gasolina;Manual;15300;AUTOCYL OCASION
KIA;ceed Sportswagon;KIA ceed Sportswagon 1.6 CRDi VGT Business 5p.;11857.0;110.0;2018.0;Diésel;Manual;15330;Corgal
CITROEN;C3;CITROEN C3 PureTech 81KW 110CV SS SHINE EAT6 5p.;8567.0;110.0;2020.0;Gasolina;Automático;15350;OK Cars
CITROEN;C3;CITROEN C3 PureTech 81KW 110CV SS SHINE EAT6 5p.;5732.0;110.0;2020.0;Gasolina;Automático;15350;OK Cars
NISSAN;JUKE;NISSAN JUKE dCi E6C 81 kW 110 CV 6MT NCONNECTA 5p.;17000.0;110.0;2019.0;Diésel;Manual;15400;NISSAN Barbera, Granollers, Terrassa, Igualada...
HYUNDAI;i30;HYUNDAI i30 1.0 TGDI Tecno Fastback 5p.;16299.0;120.0;2019.0;Gasolina;Manual;15400;Ocasion Plus
FIAT;Tipo;FIAT Tipo SW 1.4 TJet 88kW 120CV Mirror 5p.;0.0;120.0;2019.0;Gasolina;Manual;15400;Grupo Deltavi
CITROEN;C3;CITROEN C3 PureTech 81KW 110CV SS SHINE 5p.;4000.0;110.0;2020.0;Gasolina;Manual;15450;Auracar
SEAT;Ibiza;SEAT Ibiza 1.0 TSI 85kW 115CV FR Plus 5p.;1810.0;115.0;2020.0;Gasolina;Manual;15485;Miguel Leon Automoviles
KIA;Stonic;KIA Stonic 1.0 TGDi 88kW 120CV Drive EcoDynam 5p.;13950.0;120.0;2018.0;Gasolina;Manual;15490;Flexicar Valencia
KIA;Ceed Tourer;KIA Ceed Tourer Tourer 1.0 TGDi 88kW 120CV Concept 5p.;0.0;120.0;2019.0;Gasolina;Manual;15490;Grupo Montalt - Donnay
KIA;Ceed Tourer;KIA Ceed Tourer Tourer 1.0 TGDi 88kW 120CV Concept 5p.;0.0;120.0;2019.0;Gasolina;Manual;15490;Grupo Montalt
PEUGEOT;308;PEUGEOT 308 5p Style PureTech 110 SS 6 Vel. MAN 5p.;8633.0;110.0;2020.0;Gasolina;Manual;15495;VALENCIA-C
KIA;ceed;KIA ceed 1.0 TGDi 88kW 120CV Tech 5p.;8552.0;120.0;2019.0;Gasolina;Manual;15499;Autohero
CITROEN;C 3;1.2 e-THP Shine;18880.0;110.0;2021.0;Gasolina;Manual;15499;Autohero.com
NISSAN;JUKE;NISSAN JUKE DIGT EU6 85 kW 115 CV 6MT TEKNA 5p.;5853.0;115.0;2018.0;Gasolina;Automático;15500;Automoviles Avenida
CITROEN;C4 Cactus;CITROEN C4 Cactus PureTech 110 SS Feel 5p.;10194.0;110.0;2020.0;Gasolina;Manual;15500;Autos Torrent S.A
OPEL;Crossland X;OPEL Crossland X 1.2 81kW Design Line 120 Aniversario SS 5p.;10653.0;110.0;2019.0;Gasolina;Manual;15500;Ok Cars
FIAT;500X;FIAT 500X City cross 1.6 Mjet 88KW 120 cv SS 5p.;17052.0;120.0;2018.0;Diésel;Manual;15500;Mavisa
OPEL;Crossland X;OPEL Crossland X 1.2 81kW Design Line 120 Aniversario SS 5p.;15426.0;110.0;2019.0;Gasolina;Manual;15500;OK Cars
SEAT;Arona;SEAT Arona 1.0 TSI 85kW 115CV Style Ecomotive 5p.;7168.0;115.0;2019.0;Gasolina;Manual;15550;SEAT MOTOR DYE DASWELTAUTO
NISSAN;QASHQAI;NISSAN QASHQAI DIGT 85 kW 115 CV ACENTA 5p.;11874.0;115.0;2018.0;Gasolina;Manual;15590;Nissan Brisa Motor
FIAT;Tipo;1.4 Turbo S-Design;8845.0;120.0;2019.0;Gasolina;Manual;15599;Autohero.com
OPEL;Astra;OPEL Astra 1.2T SHL 81kW 110CV Astra ST 5p.;1.0;110.0;2019.0;Gasolina;Manual;15600;Vallescar Ocasion
CITROEN;C3;CITROEN C3 PureTech 81KW 110CV SS SHINE 5p.;3.0;110.0;2020.0;Gasolina;Manual;15600;Auto Almogàvers
OPEL;Astra;OPEL Astra 1.2T SHL 81kW 110CV Astra 5p.;2.0;110.0;2019.0;Gasolina;Manual;15650;PALAUSA - ZAMORA
PEUGEOT;2008;PEUGEOT 2008 Allure PureTech 110 SS 6 Vel. MAN 5p.;14900.0;110.0;2019.0;Gasolina;Manual;15690;Clicars
RENAULT;Mégane;RENAULT Megane Business Blue dCi 81 kW 115CV 5p.;12530.0;115.0;2019.0;Diésel;Manual;15699;DriveOn
PEUGEOT;308;PEUGEOT 308 5p Style PureTech 110 SS 6 Vel. MAN 5p.;0.0;110.0;2020.0;Gasolina;Manual;15700;Psa Retail Valencia Tres Cruces
CITROEN;C3;CITROEN C3 PureTech 60KW 83CV Feel Pack 5p.;1.0;110.0;2020.0;Gasolina;Manual;15700;Citroen Rugauto
NISSAN;JUKE;NISSAN JUKE G E6DTemp 83 kW112 CV 5MT NCONNECTA 5p.;13000.0;112.0;2019.0;Gasolina;Manual;15700;Germans Gelida
NISSAN;JUKE;NISSAN JUKE G E6DTemp 83 kW 112 CV CVT NCONNECTA 5p.;15212.0;112.0;2019.0;Gasolina;Automático;15750;NISSAN Barbera, Granollers, Terrassa, Igualada...
CITROEN;C3;CITROEN C3 PureTech 81KW 110CV SS Feel Pack 5p.;1.0;110.0;2021.0;Gasolina;Manual;15780;Automóviles Hermanos Torres
KIA;ceed;KIA ceed 1.0 TGDi 88kW 120CV Tech 5p.;14500.0;120.0;2019.0;Gasolina;Manual;15790;Sarauto VO
PEUGEOT;308;PEUGEOT 308 5p Style PureTech 110 SS 6 Vel. MAN 5p.;3850.0;110.0;2020.0;Gasolina;Manual;15790;Sarauto VO
CITROEN;C4 Cactus;CITROEN C4 Cactus PureTech 81KW 110CV SS Shine 5p.;15000.0;110.0;2019.0;Gasolina;Manual;15800;Auracar
KIA;ceed;KIA ceed 1.0 TGDi 88kW 120CV Tech 5p.;10000.0;120.0;2019.0;Gasolina;Manual;15800;95bbfcde7636f3cb752647c0260b5d71
SSANGYONG;Tivoli;SSANGYONG Tivoli G16 Premium 4x2 5p.;14667.0;128.0;2019.0;Gasolina;Manual;15800;Ocasion Plus
KIA;Stonic;KIA Stonic 1.0 TGDi 88kW 120CV Drive 5p.;12000.0;120.0;2018.0;Gasolina;Manual;15800;Ford Autominesa
CITROEN;C3 Aircross;CITROEN C3 Aircross PureTech 81kW 110CV SS FEEL 5p.;8265.0;110.0;2019.0;Gasolina;Manual;15800;Inauto Citröen
PEUGEOT;2008;PEUGEOT 2008 Allure 1.2 PureTech 81KW 110CVSS EAT6 5p.;15077.0;110.0;2019.0;Gasolina;Automático;15850;KeyGo Cars
FORD;EcoSport;FORD EcoSport 1.0T EcoBoost 92kW 125CV SS ST Line 5p.;9750.0;125.0;2020.0;Gasolina;Manual;15850;Ford Deysa Conde de Peñalver
HYUNDAI;i30;HYUNDAI i30 1.0 TGDI Klass 5p.;10000.0;120.0;2020.0;Gasolina;Manual;15890;Motor Gamboa
HYUNDAI;i30;HYUNDAI i30 1.0 TGDI Klass 5p.;10000.0;120.0;2020.0;Gasolina;Manual;15890;Gamboa Ocasión
HYUNDAI;i30;HYUNDAI i30 1.0 TGDI Klass 5p.;10000.0;120.0;2020.0;Gasolina;Manual;15890;Motor Gamboa
FORD;EcoSport;FORD EcoSport 1.0T EcoBoost 92kW 125CV SS Titanium 5p.;8959.0;125.0;2019.0;Gasolina;Manual;15899;Autohero
KIA;ceed;KIA ceed 1.0 TGDi 88kW 120CV Tech 5p.;13754.0;120.0;2019.0;Gasolina;Manual;15899;Autohero
SEAT;Arona;SEAT Arona 1.6 TDI 85kW 115CV Style Ecomotive 5p.;9100.0;115.0;2019.0;Diésel;Manual;15900;Electro Sanz Hermanos
FIAT;500X;FIAT 500X City cross 1.6 Mjet 88KW 120 cv SS 5p.;13552.0;120.0;2019.0;Diésel;Manual;15900;Webycar
TOYOTA;Auris;TOYOTA Auris 1.2 120T ACTIVE 5p.;6941.0;116.0;2018.0;Gasolina;Manual;15900;Toyota City
NISSAN;JUKE;NISSAN JUKE G E6DTemp 83 kW 112 CV 5MT ACENTA 5p.;4500.0;112.0;2018.0;Gasolina;Manual;15900;Nissan Blendio Parayas
PEUGEOT;Partner;PEUGEOT Partner Furgon Confort PackL1 BlueHDI 88KW 120;100.0;120.0;2019.0;Diésel;Manual;15900;Automoviles Mabusa
RENAULT;Mégane;RENAULT Megane Limited TCe GPF 85 kW 115CV 5p.;5417.0;115.0;2020.0;Gasolina;Manual;15900;Auser Concept 3000
SEAT;Arona;SEAT Arona 1.0 TSI 85kW 115CV Style Ecomotive 5p.;16797.0;115.0;2019.0;Gasolina;Manual;15900;Vigilsa
OPEL;Crossland X;OPEL Crossland X 1.2 96kW 130CV Innovation SS 5p.;14367.0;130.0;2019.0;Gasolina;Manual;15900;Grupo Nieto Adame / Apremier Nieto Group (GNA/ANG)
NISSAN;JUKE;NISSAN JUKE dCi E6C 81 kW 110 CV 6MT ACENTA 5p.;15000.0;110.0;2018.0;Diésel;Manual;15900;AutoSelectia
FIAT;Tipo;FIAT Tipo 1.6 Lounge 88kW 120CV diesel Multijet 4p.;9100.0;120.0;2018.0;Diésel;Manual;15900;Autolíder Ocasión
HYUNDAI;i30;HYUNDAI i30 1.0 TGDI Essence 5p.;12.0;120.0;2019.0;Gasolina;Manual;15900;Hyundai Automóviles Nieto
FIAT;Tipo;FIAT Tipo 1.6 Mirror 88kW diesel Multijet DDCT 5P 5p.;18936.0;120.0;2019.0;Diésel;Automático;15900;Autiberia
SEAT;Arona;SEAT Arona 1.0 TSI 85kW 115CV Style Ecomotive 5p.;6500.0;115.0;2019.0;Gasolina;Manual;15900;Grup Jobacar
NISSAN;JUKE;NISSAN JUKE dCi E6C 81 kW 110 CV 6MT ACENTA 5p.;15000.0;110.0;2018.0;Diésel;Manual;15900;AutoSelectia
PEUGEOT;2008;PEUGEOT 2008 Allure PureTech 110 SS 6 Vel. MAN 5p.;15900.0;110.0;2019.0;Gasolina;Manual;15900;Ducal Motor y Serpis Motor, Peugeot Citroën Gandía
CITROEN;C3;CITROEN C3 PureTech 81KW 110CV SS SHINE 5p.;4000.0;110.0;2020.0;Gasolina;Manual;15900;PSA Retail Barcelona - Guipuzcoa
CITROEN;C4 Cactus;CITROEN C4 Cactus PureTech 110 SS Feel 5p.;10000.0;110.0;2020.0;Gasolina;Manual;15900;GARAGE LAS FLORES CUENCA
PEUGEOT;308;PEUGEOT 308 5p Style 1.2 PureTech 96KW 130CV 5p.;14374.0;130.0;2018.0;Gasolina;Manual;15900;Autosi
OPEL;Crossland X;OPEL Crossland X 1.2 81kW Design Line 120 Aniversario SS 5p.;10413.0;110.0;2019.0;Gasolina;Manual;15950;Marcos Motor
CITROEN;C3 Aircross;CITROEN C3 Aircross PureTech 81kW 110CV SS FEEL 5p.;2.0;110.0;2020.0;Gasolina;Manual;15970;Eslauto Automocion
CITROEN;C3 Aircross;CITROEN C3 Aircross PureTech 81kW 110CV SS FEEL 5p.;2.0;110.0;2020.0;Gasolina;Manual;15979;Concesión Oficial Citroën Álava Lascaray
CITROEN;C3 Aircross;CITROEN C3 Aircross PureTech 81kW 110CV SS FEEL 5p.;2.0;110.0;2020.0;Gasolina;Manual;15979;Antón Automoción
CITROEN;C3 Aircross;CITROEN C3 Aircross PureTech 81kW 110CV SS FEEL 5p.;4.0;110.0;2020.0;Gasolina;Manual;15979;Antón Automoción
OPEL;Crossland X;OPEL Crossland X 1.2 96kW 130CV Innovation SS 5p.;9999.0;130.0;2019.0;Gasolina;Manual;15990;Opel Cervera Sport
FIAT;Tipo;FIAT Tipo 5P 1.6 88kW 120CV Multijet II Lounge 5p.;1107.0;120.0;2019.0;Diésel;Manual;15990;Fiat Seminuevos
FORD;Focus;FORD Focus 1.0 Ecoboost 92kW Trend 5p.;11774.0;125.0;2019.0;Gasolina;Manual;15990;Grupo Motoralba Ocasión
OPEL;Crossland X;OPEL Crossland X 1.2 81kW Design Line 120 Aniversario SS 5p.;4950.0;110.0;2019.0;Gasolina;Manual;15990;Opel Cervera Sport
SEAT;Arona;SEAT Arona 1.0 TSI 85kW 115CV FR Edition Eco 5p.;17000.0;115.0;2019.0;Gasolina;Manual;15990;Gestican Automóviles
PEUGEOT;308;PEUGEOT 308 5p Style 1.2 PureTech 81KW 110CV 5p.;15015.0;110.0;2019.0;Gasolina;Manual;15990;PEUGEOT MARTÍNEZ DE LUGO
CITROEN;C3 Aircross;CITROEN C3 Aircross PureTech 81kW 110CV SS FEEL 5p.;1164.0;110.0;2020.0;Gasolina;Manual;15990;Interfren Citroen Figueres
FORD;EcoSport;FORD EcoSport 1.0T EcoBoost 92kW 125CV SS ST Line 5p.;4000.0;125.0;2019.0;Gasolina;Manual;15990;Autos Roso
CITROEN;C4 Cactus;CITROEN C4 Cactus PureTech 110 SS Shine 5p.;17545.0;110.0;2019.0;Gasolina;Manual;15990;PSA RETAIL MADRID – Dr. ESQUERDO
CITROEN;C4 Cactus;CITROEN C4 Cactus PureTech 110 SS Origins 5p.;13200.0;110.0;2020.0;Gasolina;Manual;15990;Turbo Manises
SEAT;Arona;SEAT Arona 1.0 TSI 85kW 115CV FR Edition Eco 5p.;13000.0;115.0;2020.0;Gasolina;Manual;15990;Gestican Automoviles
PEUGEOT;208;PEUGEOT 208 5P GTLine 1.2L PT EAT6 81KW 110CV SS 5p.;8358.0;110.0;2019.0;Gasolina;Automático;15990;CITROEN Barbera,Manresa,Terrassa,Igualada,SBD...
DACIA;Duster;DACIA Duster Comfort 1.6 85kW 115CV 4X2  18 MY 5p.;150.0;115.0;2019.0;Gasolina;Manual;15990;Rivero Motor
FORD;EcoSport;FORD EcoSport 1.0T EcoBoost 92kW 125CV SS ST Line 5p.;14995.0;125.0;2019.0;Gasolina;Manual;15995;Miguel Leon Automoviles
FORD;EcoSport;FORD EcoSport 1.0T EcoBoost 92kW 125CV SS ST Line 5p.;14995.0;125.0;2019.0;Gasolina;Manual;15995;Miguel León Automóviles
FORD;EcoSport;FORD EcoSport 1.0T EcoBoost 92kW 125CV SS ST Line 5p.;14200.0;125.0;2019.0;Gasolina;Manual;15995;Ford Badajoz
SEAT;Arona;SEAT Arona 1.0 TSI 85kW 115CV Style Edition Eco 5p.;16000.0;115.0;2019.0;Gasolina;Manual;15995;Varocar
